date,ip Â±ûÂú∞,ËØÑÂàÜ,comments
2017-05-12,Êú™Áü•,5,Êê∫Á®ãËÆ¢ÁöÑÁ•®Âæà‰æøÂÆúÔºå‰∏Ä‰∏™‰∫∫‰πüÂ∞±ÂçÅÂá†ÂùóÔºåÊÄß‰ª∑ÊØîÊØîËæÉÈ´ò„ÄÇÊôØÂå∫Ê∏∏Áé©2‰∏™Â∞èÊó∂‰πüÂ∞±Â§ü‰∫ÜÔºå‰πüÂèØ‰ª•ÂùêËàπÊ∏∏Ëßà‰∏§Ê±üÂõõÊπñÔºåÊóÅËæπÁöÑÂ±±Â∞±ÊòØÂè†ÂΩ©Â±±ÔºåÁ¶ªÂæóÂæàËøë‰∏çËøáÊòØ‰∏§‰∏™ÊôØÂå∫„ÄÇ
2023-08-23,Ê±üËãè,5,20230311Êôö‰∏äÔºö 1„ÄÅ‚ÄúÊú®ÈæôÊπñ‚Äù‰Ωç‰∫é5AÊôØÂå∫‚Äú‰∏§Ê±üÂõõÊπñ‚Ä¢Ë±°Â±±‚ÄùÂÜÖ„ÄÇ‰∏§Ê±üÂõõÊπñ‚Ä¢Ë±°Â±±ÊòØÊ°ÇÊûóÂ∏ÇÈóªÂêç‰∫é‰∏ñÁöÑÂú∞Ê†áÂºèÂ±±Ê∞¥È£éÂÖâÂêçËÉúÔºåÊòØÊù•Ê°ÇÊûóÂøÖÊâìÂç°ÁöÑÁΩëÁ∫¢ÊôØÁÇπÔºåÂÖ∂Ê∞¥Á≥ªÂÉèË°ÄÊ∂≤Ëà¨Ë¥ØÁ©øÂ∏ÇÂå∫ÔºåÂüéÂ∏Ç‰∏éÂ±±Ê∞¥Ëûç‰∏∫‰∏Ä‰ΩìÔºåÂ±û‰∫éÂºÄÊîæÂºèÊôØÂå∫ÔºåÊ∏∏Ëµ∞‰∫éÊ°ÇÊûóË°óÂ§¥‰æø‰∏çÁü•‰∏çËßâÂæúÂæâÂú®Á¢ßÊ∞¥Áø†Â±±‰πãÈó¥„ÄÇÊôØÂå∫ÂàÜ‰∏∫‚Äú‰∏§Ê±üÂõõÊπñ‚ÄùÂíå‚ÄúË±°ÈºªÂ±±‚Äù‰∏§Â§ßÂå∫ÂùóÔºåÂÖ•Âõ≠ÂùáÂÖçË¥πÔºåÂâçËÄÖÈÄÇÂêàÂ§úÊôØÔºåÂêéËÄÖÈÄÇÂêàÁôΩÂ§©Ê∏∏Ëßà„ÄÇ ‚ë†Âú∞ÂùÄÔºöÊ°ÇÊûóÂ∏ÇË±°Â±±Âå∫„ÄÇ ‚ë°‰∫§ÈÄöÔºöÂÖ¨‰∫§Áõ¥ËææÔºåÂºÄËΩ¶ÂæàÂ•ΩÂÅú„ÄÇ ‚ë¢Êó∫Â≠£ÔºöÊó†„ÄÇ ‚ë£Áî®Êó∂Ôºö2Â∞èÊó∂„ÄÇ 2„ÄÅÊ≠•Ë°åÊ∏∏Ëßà‰∏§Ê±üÂõõÊπñÂÖçË¥πÔºå‰ΩÜÊúÄ‰Ω≥Ê∏∏ËßàÊñπÂºèÊòØ‰πòÂùêÊ∏∏ËàπÔºåÊ∏∏ËàπÂàÜÁôΩÂ§©ÂíåÊôö‰∏ä‰∏§‰∏™Êó∂ÊÆµÔºåÁôΩÂ§©‰ª∑Ê†º90ÂÖÉÊØîÂ§úÊ∏∏180Â§öÂÖÉÁöÑ‰æøÂÆú‰∫Ü‰∏ÄÂçäÔºåÂΩìÁÑ∂ËßÜËßâÊïàÊûú‰ºöÈÄäËâ≤‰∏çÂ∞ëÔºåÊàëÂú®ÁôΩÂ§©ÂíåÊôö‰∏äÂêÑ‰ΩìÈ™å‰∫Ü‰∏ÄÊ¨°„ÄÇÊ∏∏Ëàπ‰∏∫ÂçïÂ±ÇÔºåÊ§ÖÂ≠ê‰∏ãÊñπÊúâÊïëÁîüË°£ÔºåËàπ‰∏äÈÖçÊúâÂéïÊâÄ‰∏çËøáÂè™ËÉΩ‰∏äÂ∞è‰æø„ÄÇ‰∏§Ê±üÂÖ∑‰ΩìÊåá‚ÄúÊºìÊ±ü‚ÄùÂíå‚ÄúÊ°ÉËä±Ê±ü‚ÄùÔºõÂõõÊπñÊåá‚ÄúÊùâÊπñ‚Äù„ÄÅ‚ÄúÊ¶ïÊπñ‚Äù„ÄÅ‚ÄúÊ°ÇÊπñ‚Äù„ÄÅ‚ÄúÊú®ÈæôÊπñ‚ÄùÔºõÊ∏∏ËàπË∑ØÁ∫ø‰∏∫ÔºöÊó•ÊúàÊπæÁ†ÅÂ§¥-ÊùâÊπñ-Ê¶ïÊπñ-Ê°ÇÊπñ-Êú®ÈæôÊπñ-ÔºàÂéüË∑ØËøîÂõûÔºâÊ¶ïÊπñ-Ê°ÉËä±Ê±ü-ÊñáÊòåÊ°•Á†ÅÂ§¥ÔºåÂÖ®Á®ã60-70ÂàÜÈíüÔºåËµ∑ÁÇπÂíåÁªàÁÇπÁõ∏Èöî15ÂàÜÈíüËÑöÁ®ã„ÄÇÊó•ÊúàÊπæÁ†ÅÂ§¥‰Ωç‰∫éÊùâÊπñ‰∏úÂ≤∏ÔºåÂ§úÂπï‰∏ãÂèØ‰ª•ÈÅ•ÊúõÂØπÂ≤∏ÁöÑÊ°ÇÊûóÂú∞Ê†áÂª∫Á≠ë„ÄÅ‰∏≠ÂõΩÂêçÂ°î‚ÄúÊó•ÊúàÂèåÂ°î‚ÄùÔºåÂÆÉÁî±‚ÄúÊó•Â°î‚ÄùÂíå‚ÄúÊúàÂ°î‚ÄùÁªÑÊàêÔºåÂêàËµ∑Êù•ÊòØ‚ÄúÊòé‚ÄùÔºåÂØìÊÑè‚ÄúÊó•ÊúàÂêåËæâ„ÄÅÊ°ÇÊûóÊòéÂ§©‰ºöÊõ¥Â•Ω‚ÄùÔºåÊòØÁΩëÁ∫¢ÊâìÂç°ÁÇπÔºåÁ©øÊ∞ëÊóèÊúçÈ•∞ÁöÑÁæéÂ•≥‰ª¨‰∫¶ÊòØ‰∏ÄÈÅìÈùì‰∏ΩÁöÑÈ£éÊôØÁ∫øÔºåÊéíÁùÄÈòüÁ≠âÂÄôÊãçÁÖßÔºåËßÇÊôØÂè∞‰∏äÊúâÂçñÂî±Ê≠åÊâãÔºå‰∏∫ÊπñËæπÂºÄÂêØ‰∏ÄÂú∫ËßÜÂê¨ÁõõÂÆ¥„ÄÇ 3„ÄÅÊú®ÈæôÊπñÊòØ‰∏∫‰∫ÜÂºïÊºìÊ±üÊ∞¥ÊµÅÂÖ•Ê°ÇÊûóÂ∏ÇÂå∫ËÄåÂª∫ÁöÑ‰∫∫Â∑•ÊπñÔºåÂõ†ÊπñËæπ‚ÄúÂè†ÂΩ©Â±±‚Äù‰∏äÁöÑ‚ÄúÊú®ÈæôÊ¥û‚ÄùÔºàÂú®ÂîêÂÆãÊó∂ÊúüÊú®ÈæôÊπñÊòØ‰∏ÄÁâáÈôÜÂú∞ÔºåÊòØÂ±ØÂÖµÊâÄÁî®ÔºåÊ≠§Ê¥ûÂõ†‰º†ËØ¥Ê¥ûÂè£ÊúâÂè£Âè§Ê†ëÂåñÈæôÂÖ•Êµ∑ËÄåÂæóÂêçÔºâËÄåÂæóÂêçÔºåÊ¥û‰∏ãÊúâ5‰∫∫ÁöÑÊ∞ëÊóèÊ≠åËàûË°®ÊºîÔºåÂú®Ê∏∏Ëàπ‰∏ä‰æøÂèØÁúãÂà∞ÔºåÁôΩÂ§©Ê≤°Êúâ„ÄÇÊπñ‰∏≠Ê†áÂøóÊÄßÂª∫Á≠ëÊòØÂª∫‰∫é1998Âπ¥ÁöÑ‚ÄúÊú®ÈæôÂ°î‚ÄùÔºåÂõ†ÊπñÈù¢Ê∂üÊº™ÔºåÂÄíÂΩ±ÂæàÈöæÊãçÊ∏ÖÊ•ö„ÄÇÊπñÊúÄÈáåÈù¢È´òÂ§ÑÊúâ‰∏Ä‰∏™‰∏çÂà∞5ÂàÜÈíüÁÅØÂÖâÁßÄÔºåÂÜÖÂÆπÊòØÊ°ÇÊûóÈ£éÂúü‰∫∫ÊÉÖÔºåÊ∏∏ÂÆ¢ÂùêÂú®Ëàπ‰∏äËßÇÁúã„ÄÇÊú®ÈæôÊπñË¢´ÂºÄËæüÊàê‚ÄúÊú®ÈæôÊπñÂÖ¨Âõ≠‚ÄùÔºåÂõ≠ÂÜÖÊúâ‚ÄúÂÆãË°ó‚Äù„ÄÅ‚ÄúÂçäËæπË°ó‚Äù„ÄÅ‚ÄúÂè§ÂÆãÂüé‚Äù„ÄÅ‚ÄúÊµÖÊ°•È±ºÂΩ±‚Äù„ÄÅ‚ÄúÂê¨Ëç∑ËΩ©‚Äù„ÄÅ‚ÄúÊùéÊµéÊ∑±ÊóßÂ±Ö‚ÄùÁ≠âÊôØËßÇÔºåÂõ†‰∏∫Êó†Ê≥ï‰∏ãËàπÂè™ËÉΩÁ≠âÂà∞‰∫åÂà∑‰∫ÜÂÜçË°•‰∏ä„ÄÇÊú®ÈæôÊπñ‰∏äÊúâ‚ÄúÊú®ÈæôÊ°•‚ÄùÔºàÊ°•Â∫ïÈÉ®ÊòØ‰ªøÂà∂ÁöÑÊ∫∂Ê¥ûÂíåÊë©Â¥ñÁü≥ÂàªÔºåÂæàÊúâÂàõÊÑèÔºâÂíå‚ÄúÂè†ÂΩ©Ê°•‚ÄùÔºàËÆæËÆ°ÂèÇÁÖß‰∫ÜÂÆã‰ª£ÁöÑ„ÄäÊ∏ÖÊòé‰∏äÊ≤≥Âõæ„Äã‰∏≠ÁöÑ‚ÄúËôπÊ°•‚ÄùÔºåÂ§úÈó¥Ê°•Ë∫´ÂÉèÂΩ©ËôπÔºâ„ÄÇÊπñËôΩ‰∏çÂ§ßÔºå‰ΩÜÊôØËâ≤ÁßÄÁæéÂà´Êúâ‰∏ÄÁï™ÊÉÖË∂£ÔºåÊòØÊ°ÇÊûóÊñ∞‰∫åÂçÅÂõõÊôØ‰πã‰∏ÄÁöÑ‚ÄúÊú®ÈæôÂè§Ê∏°‚Äù„ÄÇ
2017-10-05,Êú™Áü•,5,Âú®Ê°ÇÊûóÂ∏ÇÂÖßÊóÖÊ∏∏ÔºåÂÖ∂ÂÆûÂÆåÂÖ®Ê≤°ÊúâÂøÖË¶ÅÂéªÊâæÂØºÊ∏∏ÔºåËµ∞Âà∞Âì™Â∞±ÁúãÂà∞Âì™ÔºåËøôÊ†∑ÁöÑÊÑüËßâÁúüÁöÑÊå∫‰∏çÈîôÁöÑ„ÄÇ Êú®ÈæôÊπñÔºåÂ∞±ÊòØÈ™ëÂÖ±‰∫´ÂçïËΩ¶Âú®Ë∑ØËæπ‰∏äÊç°ÁöÑ‰∏Ä‰∏™ÊôØÁÇπÔºåÂú®Â§ß‰ºóÁÇπËØÑ‰∏äÂõ¢Ë¥≠Ôºå20ÂÖÉ‰∏Ä‰ΩçÔºå‰∏ªË¶ÅÊúÄÂ§ßÁöÑÂ•ΩÂ§ÑÂ∞±ÊòØÈöèÁî®ÈöèÂõ¢Ôºå‰πü‰∏çÁî®‰ªÄ‰πàÁâπÂà´ÁöÑÂèñÁ•®Âú∞ÁÇπÔºå‰ªÄ‰πàÊèêÂâç‰∏ÄÂ∞èÊó∂‰πãÁ±ª„ÄÇÂõ¢Â•Ω‰∫ÜÁ•®ÔºåÁõ¥Êé•ÂîÆÁ•®Á™óÂè£ÂÖëÊç¢ÔºåÂîÆÁ•®ÂëòÁõ¥Êé•ÁªôÂÜô‰∫Ü‰∏Ä‰∏™‰∏ÄÂºè‰∏âËÅîÁöÑÂçïÂ≠êÔºåË¢´ÂëäÁü•Ê≤°ÊúâÊôØÂå∫Èó®Á•®ÔºåÂá≠ÂçïÂ≠êÂç≥ÂèØËøõÂÖ•ÂÖ¨Âõ≠„ÄÇ Ëøõ‰∫ÜÂÖ¨Âõ≠ÊâçÁü•ÈÅìÊú®ÈæôÊπñÂíåÂè†ÂΩ©Â±±ÊòØ‰∏§‰∏™ÊôØÁÇπÔºåÈöèÊÑèÂêßÔºå‰∏çËøáÂú®Êú®ÈæôÊπñÂèØ‰ª•ÁúãÂà∞Âè†ÂΩ©Â±±ÁöÑÂÖ®ÊôØÔºå‰πü‰∏çÈîôÂë¢„ÄÇÊú®ÈæôÊπñÊôØÂå∫Ê≤°ÊúâÂú∞ÂõæÔºåÂØπ‰∫éËá™Áî±Ë°åÊù•ËØ¥ËøòÊòØÊúâÁÇπÁº∫ÊÜæÔºåÂè™ËÉΩÈ°∫ÁùÄÊåáÁ§∫ÁâåËµ∞Ëµ∞ÈÄõÈÄõ‰∫ÜÔºåÂàöÂ•ΩËµ∞Âà∞Ê∞¥Èó∏Â§ßÂùùÔºåÁúãÂà∞ÊúâÊóÖÊ∏∏ËàπÂú®ËøôÈáåÈÄöËøáÔºåËøôÊâçÁü•ÈÅìËàπÊòØÂ¶Ç‰ΩïÈÄöËøáÈ´ò‰Ωé‰∏çÂêå‰∏§‰∏™Ê∞¥‰ΩçÁöÑÊπñÊ≥äÔºå‰πüÁÆóÊòØÈïøËßÅËØÜ‰∫Ü„ÄÇ Êú®ÈæôÊπñÊôØÂå∫Èù¢ÁßØ‰∏çÁÆóÂ§ßÔºå‰ΩÜÁªøÊ§çÈùûÂ∏∏Â•ΩÔºåË≤å‰ººÈáåÈù¢ËøòÊúâÊºîÂá∫Ôºå‰∏çËøáÊàëÊ≤°ÁúãËøá„ÄÇËá™Â∑±Ê∏∏Áé©Êú®ÈæôÊπñÔºå‰∏Ä‰∏™Â∞èÊó∂Â∑Æ‰∏çÂ§öÂ∞±ËÉΩÁé©ÈÅç‰∫Ü„ÄÇ
2017-02-08,Êú™Áü•,5,Êú®ÈæôÊπñÊòØÊ°ÇÊûó‰∏§Ê±üÂõõÊπñ‰∏≠ÂîØ‰∏Ä‰∏Ä‰∏™‰∫∫Â∑•ÂºÄÂáøÁöÑÊπñÔºåÁî±‰∫éÂ∞ÜÊ∞¥Á≥ªËøõË°å‰∫ÜËøûÊé•„ÄÇÂà∞Êú®ÈæôÊπñËøáÊú®ÈæôÊ°•ËßÇÊú®ÈæôÂ°îÊúõÂè†ÂΩ©Â±±ÔºåËøôÈáåÈ£éÊôØÁßÄ‰∏ΩÔºåÊôØËâ≤ÊÄ°‰∫∫ÔºåËøòÊúâËäÇÁõÆË°®ÊºîÔºåËøòÊúâÊùéÊµéÊ∑±ÊïÖÂ±Ö„ÄÇ
2017-08-09,Êú™Áü•,5,Êú®ÈæôÊπñÂõ†Âª∫ÊúâÁæé‰∏ΩÁöÑÊú®ÈæôÂ°îËÄåÈóªÂêçÔºåÊú®ÈæôÊπñÊòØÊ°ÇÊûó‰∫åÊ±üÂõõÊπñ‰∏≠ÊúÄÈáçË¶ÅÁöÑÊôØÁÇπ‰πã‰∏ÄÔºå‰πüÊòØÊúÄÈù†ËøëÊºìÊ±üÁöÑÊπñÔºåËøá‰∏Ä‰∏™ËàπÈó∏ÔºåÁªèËøáÂçÅÁ±≥Ê∞¥Èù¢‰∏ãÈôçÔºåÂ∞±ÂèØ‰ª•ËøõÂÖ•ÊºìÊ±ü‰∫Ü„ÄÇ
2016-11-30,Êú™Áü•,5,ÊôØËâ≤ÂæàÂ•ΩÔºåÂèØ‰ª•Âú®‰∏çÂêåÁöÑËßíÂ∫¶ÊãçÂá∫‰∏çÂêåÁöÑÈ£éÊôØÔºåÁ©∫Ê∞îÂæàÊ∏ÖÊô∞ÔºåÂÄºÂæóÂéªÁöÑÂú∞ÊñπÔºåË∞¢Ë∞¢Â∏ùÁéã‰πãÊóÖÁöÑÊé®‰ªãÔºå‰πüË∞¢Ë∞¢ÂØºÊ∏∏ÁöÑÊåáÁÇπÔºåÊàëÁúüÂøÉÁöÑË∞¢Ë∞¢Â∏ùÁéã‰πãÊóÖ
2020-06-15,Êú™Áü•,5,Êú®ÈæôÊπñÊôØÂå∫‰æùÊâòÂæóÂ§©Áã¨ÂéöÁöÑÊºìÊ±ü„ÄÅÂè†ÂΩ©Â±±‰ºòÁæéÁöÑËá™ÁÑ∂ÁîüÊÄÅÁéØÂ¢ÉÔºåÂéÜÂè≤‰πÖËøúÁöÑÂè§ÂÆãÂüéÁ≠â‰ºóÂ§öÂéÜÂè≤ÊñáÂåñÈÅóËøπÁ≠â‰∫∫ÊñáÂè§ËøπÔºå‰ª•‚ÄúÊ∏ÖÊòé‰∏äÊ≤≥Âõæ‚Äù‰∏∫Âª∫ËÆæËìùÊú¨ÊâìÈÄ†ÁöÑÊôØÂå∫„ÄÇ
2018-07-05,Êú™Áü•,5,Ê°ÇÊûóÊ∏∏Á¨¨‰∫åÁ´ôÂ∞±ÊòØËøô‰∏™ÊôØÁÇπÔºåÊ°ÇÊûó‰∏§Ê±üÂõõÊπñ‰πã‰∏ÄÁöÑÊú®ÈæôÊπñÔºåËøôÈáåÁéØÂ¢É‰ºòÁæéÁ©∫Ê∞îÊ∏ÖÊñ∞ÔºåÂ∞§ÂÖ∂Â§úÊôØÈùûÂ∏∏ÊºÇ‰∫ÆÔºåÊú®ÈæôÊπñÁöÑÊú®ÈæôÂ°îÂíåÊù•Êù•ÂæÄÂæÄÁöÑÊ∏∏ËàπÊ±áËÅöÁúüÊòØÁæéÂ¶ôÁªù‰º¶ ÊääÊ°ÇÊûóÂ∏Ç‰∏≠ÂøÉÂå∫ÁöÑÊºìÊ±ü„ÄÅÊ°ÉËä±Ê±ü„ÄÅÊùâÊπñ„ÄÅÊ¶ïÊπñ„ÄÅÊ°ÇÊπñ„ÄÅÊú®ÈæôÊπñË¥ØÈÄöÔºåÂΩ¢ÊàêÁéØÂüéÊ∏∏ËßàÊ∞¥Á≥ªÔºåÂç≥‚Äú‰∏§Ê±üÂõõÊπñ‚ÄùÂ∑•Á®ã„ÄÇÂ¶Ç‰ªä‰∏§Ê±üÂõõÊπñÔºåÂ∑≤‰∏∫Áî≤Â§©‰∏ã‰πãÊ°ÇÊûóÂ±±Ê∞¥Èî¶‰∏äÊ∑ªËä±ÔºåËÆ©Ê∏∏ÂÆ¢‰ª¨ÊµÅËøûÂøòËøîÁöÑÊóÖÊ∏∏ÊôØÁÇπ‰πã‰∏Ä
2019-09-16,Êú™Áü•,5,ËøôÊòØÊàëÁ¨¨1Ê¨°Âú®Êê∫Á®ã‰∏äÊä•Âõ¢„ÄÇÊò•ËäÇÊúüÈó¥ÁÅ´ËΩ¶Á•®ÈöæÊä¢Ôºå‰ΩèÂÆøÂæàÈöæÔºå‰ΩÜÊòØËøôÊòØË∑üÊê∫Á®ãÊóÖÊ∏∏ÔºåËôΩËØ¥Ë°åÁ®ãÊñπÈù¢‰∏çÊòØ10ÂàÜ10ÂàÜÁöÑÊª°ÊÑèÔºå‰ΩÜÊòØÂü∫Êú¨‰∏äÂêéÈ°æÊó†Âøß„ÄÇ Áî®È§ê‰ΩèÂÆøÈÉΩËøò‰∏çÈîôÔºåËøô‰∏™ÊôØÂå∫ÁöÑÊúÄÂ§ßÁâπËâ≤Â∞±ËÆ©Êàë‰ª¨Ê¨£ËµèÂòõÔºåÊ°ÇÊûóÁöÑÂú∞ÊñπÊàè„ÄÇ
2017-11-26,Êú™Áü•,4,Êú®ÈæôÊπñÊôØÂå∫ÊòØ‰ªøÂÆãÂè§Âüé‰∏éÊú®ÈæôÊπñËá™ÁÑ∂Â±±Ê∞¥ÊôØËßÇÁõ∏ËûçÂêàÔºå‰øÆÂª∫ÁöÑÊúâ‰ªøÂè§Âª∫Á≠ë„ÄÅÂ°î„ÄÅÂüéÂ¢ôÔºåËøòÊúâÂ§ßÂ∞èÈìúÈºìÔºåÊÄªÁöÑ‰∏ÄÂè•ËØùÔºåÊôØËâ≤ÂæàÁæéÔºõËøòÊúâ‰ªø‰∏úÂçó‰∫öÊ≥∞ÂõΩ„ÄÅË∂äÂçó„ÄÅÁºÖÁî∏Á≠âÂá†ÂõΩÈ£éÊÉÖË°®Êºî„ÄÇ
2017-08-04,Êú™Áü•,5,Âú®Ê°ÇÊûóÁöÑ‰∏§Ê±üÂõõÊπñÊôØÂå∫ÈáåÔºåÊú®ÈæôÊπñÊôØÂå∫ÊòØÈô§Êó•ÊúàÂèåÂ°îÊôØÂå∫‰πãÂ§ñÔºåÂè¶‰∏ÄÂ§Ñ‰πüÊúâÁæé‰∏ΩÈ´òÂ°îÁöÑÊôØÂå∫ÔºåÈ´òËÄ∏ÁöÑÂ°îË∫´Â±πÁ´ãÂú®ÊºÇ‰∫ÆÁöÑÁæ§Â±±‰πãÈó¥ÔºåÊõ¥Âä†ÊòæÂá∫Áæ§Â±±ÁöÑÈîôËêΩÊúâËá¥ÔºåËøúËøëÊµìÊ∑°„ÄÇ
2018-06-24,Êú™Áü•,3,ÊôØÂå∫ÂæàÂ∞èÔºå‰º∞ËÆ°ÊúâÂ∑¥ÊéåÈÇ£‰πàÂ§ßÔºàÊúâÁÇπËøá‰∫ÜÔºâÔºåÂÖ∂ÂÆû‰∏çÂÄºÂæóÊòØ‰∏Ä‰∏™Êî∂Ë¥πÁöÑÊôØÂå∫„ÄÇÁæéÂõ¢‰∏ä20Êù•ÂùóÔºåÊê∫Á®ã16ÂùóÔºåÊôØÂå∫Èó®Âè£‰π∞Á•®70ÂùóÔºåÊúâÁÇπÊó†ËØ≠„ÄÇÊôØÂå∫ËøõÂéªÊúâ‰∏™Â∞èÁöÑ‰∫∫Â∑•ÊπñÔºåÊóÅËæπÊúâÂ∫ßÂ∞èÂ±±ÔºåÁà¨‰∏ç‰∏äÂéªÔºåËøòÊúâ‰∏ÄÂ∫ßÂ∞èÂ°îÔºåÁÑ∂Âêé‰πüÂ∞±Â∑Æ‰∏çÂ§ö‰∫Ü„ÄÇËøôÊ†∑ÁöÑ‰∏Ä‰∏™ÊôØÁÇπ‰πüÂ•ΩÊÑèÊÄùÊî∂Ë¥πÔºåË¢´Èõ∑Âà∞‰∫Ü„ÄÇÂêàÈÄÇËÄÅ‰∫∫ËøõÂéªÈÄõÈÄõÊòØÁúüÁöÑÔºåÂ∏¶Â∞èÂ≠©ÁöÑË¶ÅÁúãÂ•ΩÔºåÈáåÈù¢‰πüÊúâ‰∫∫Ë°®Êºî„ÄÇ‰πüÂ∞±ËøôÊ†∑„ÄÇ Êê∫Á®ãÁΩëËÆ¢Á•®ÁöÑ‰Ω†ÂæóÂÖàÊî∂Âà∞Áü≠‰ø°ÔºåÁÑ∂ÂêéÂà∞ÊôØÂå∫Â§ßÈó®Âè≥ËæπÈÇ£‰∏™Á™óÂè£Áõ¥Êé•Ë∑üÈáåÈù¢ÁöÑÂ∑•‰Ωú‰∫∫ËØ¥ÊãøÂº†ÂÖ•Âõ≠ÂçïÔºå‰∫∫ÂÆ∂‰ºöÊâãÂÜôÂº†ÂçïÂ≠êÁªô‰Ω†ËøõÂéª„ÄÇ Â•Ω‰∫ÜÔºåÂ∞±ËøôÊ†∑„ÄÇ
2015-11-13,Êú™Áü•,4,Á´ãÂÜ¨Âêé„ÄÇÂ§ïÈò≥ÁöÑ‰ΩôÊôñÔºåÊääÊ°ÇÊûóÂõõÊπñ‰πã‰∏ÄÁöÑÊú®ÈæôÊπñÊò†ÂæóÊ†ºÂ§ñËÄÄÁúº„ÄÇ Êú®ÈæôÊπñ‰Ωç‰∫éÂπøË•øÊ°ÇÊûóÂ∏ÇÂå∫ÂåóÈÉ®Ôºå‰∏úËµ∑ÊºìÊ±üÔºåË•øËá≥‰∏≠Â±±ÂåóË∑ØÔºåÂçóÈù†Âè†ÂΩ©Â±±„ÄÅÂåó‰∏¥‰∏úÈïáË∑ØÔºåÊôØÂå∫‰æùÊâòÂæóÂ§©Áã¨ÂéöÁöÑÊºìÊ±ü„ÄÅÂè†ÂΩ©Â±±‰ºòÁæéÁöÑËá™ÁÑ∂ÁîüÊÄÅÁéØÂ¢ÉÔºåÂéÜÂè≤‰πÖËøúÁöÑÂè§ÂÆãÂüéÁ≠â‰ºóÂ§öÂéÜÂè≤ÊñáÂåñÈÅóËøπÁ≠â‰∫∫ÊñáÂè§ËøπÔºå‰ª•‚ÄúÊ∏ÖÊòé‰∏äÊ≤≥Âõæ‚Äù‰∏∫Âª∫ËÆæËìùÊú¨ÊâìÈÄ†ÁöÑÂõΩÂÆ∂AAAAÁ∫ßÊôØÂå∫„ÄÇ
2019-01-29,Êú™Áü•,5,Ê°ÇÊûóÁöÑ‰∏§Ê±üÂõõÊπñ‰∏ÄÂÆöË¶ÅÂú®ÁôΩÂ§©ÁúãÔºåÊâçËÉΩ‰∫ÜËß£ÂÆÉ‰ª¨ÁöÑÁæé‰∏é‰∏ë„ÄÇÊôö‰∏äÁöÑÂ§úÊôØÈÇ£ÊòØÁÅØÂÖâÁßÄÔºå‰∏çËÉΩËØ¥ÊòéÈóÆÈ¢òÁöÑ„ÄÇÂõõ‰∏™ÊπñÊàëÂ∑≤ÁªèËµ∞ËøáÊùâÊπñ„ÄÅÊ¶ïÊπñÂíåÊú®ÈæôÊπñÔºåÊú®ÈæôÊπñÊòØ‰∏âËÄÖ‰∏≠ÊúÄÁæéÁöÑÔºå‰ΩÜÂéª‰πãÂâçÂπ∂‰∏çÁü•ÈÅì„ÄÇ‰ª•ÁÖßÁâá‰∏∫ËØÅ„ÄÇ
2017-11-17,Êú™Áü•,5,Êú®ÈæôÊπñÊòØÂõõ‰∏™Êπñ‰∏≠ÊúÄÂ∞èÁöÑ‰∏Ä‰∏™ÔºåÊòØ‰ª•Ê∏ÖÊòé‰∏äÊ≤≥Âõæ‰∏∫ÁØÆÊú¨Âª∫ËÆæÁöÑ‰∏Ä‰∏™‰∫∫ÈÄ†ÊôØÂå∫ÔºåÂª∫ÊúâÊú®ÈæôÂ°î„ÄÅÂ§ßËôπÊ°•ÔºåÁ≠âÊôØÁÇπÔºåÂú®ÊôØÂå∫ÂÜÖËøò‰∏úÁõüÂêÑÂõΩÊ≠åËàûË°®ÊºîÔºåÂÄºÂæó‰∏ÄÊ∏∏„ÄÇ
2020-03-05,Êú™Áü•,4,ÂÖ∂ÂÆûÊÉ≥Áªô4.2ÊòüÔºåÂ•à‰ΩïËøôÈáåËøû4.5ÈÉΩÊ≤°ÊúâÔºåËÄå‰∫îÊòüÊõ¥ÊòØËøúËøúËææ‰∏çÂà∞ÔºåÈÇ£Â∞±ÂõõÊòüÂêß„ÄÇ ‰∏§Ê±üÂõõÊπñ‰πã‰∏ÄÁöÑÊú®ÈæôÊπñÔºåÂÖ∂ÂÆûÂ¶ÇÊûúËÖøËÑöÂ§üÂ•ΩÊÑøÊÑèÂæíÊ≠•Ôºå‰∏§Ê±üÂõõÊπñÂÆåÂÖ®ÂèØ‰ª•Èù†ËÖø„ÄÇ Ë¶ÅÁü•ÈÅì2019Âπ¥ÁÇéÁÉ≠ÁöÑ8Êúà‰∏ãÊó¨ÔºåÊàëÈÇ£ÈÉΩ60+ÁöÑÁà∂ÁöáÊØçÂêéÂíåËôöÂ≤Å10Â≤ÅÂë®Â≤ÅÊâç8Â≤ÅÁöÑÂ∞èÂÖ¨‰∏ªÂèØÊòØË∑üÊàëËµ∞‰∫Ü‰∏âÂàÜ‰πã‰∫åÁöÑÂì¶„ÄÇ Ê°ÇÊûóÂ∏ÇÂå∫ÊôØÁÇπÁæéÂàôÁæéÔºåÂïÜ‰∏öÊ∞îÊÅØËøáÂàÜÊµìÈÉÅÔºå‰ªª‰ΩïÂ±±ÂÖ¨Âõ≠ÊôØÁÇπ‰∏ÄÂæãÊú¨Âú∞‰∫∫ÂÖçË¥πÊ∏∏ÂÆ¢20~80ÁöÑÁ•®‰ª∑ÁúüÊòØÂ∏ÇÂå∫ÈÄõ‰∏ÄÂúàÈÉΩÂ∞èÂá†ÁôæÊ≤°Êúâ‰∫ÜÔºåÂ∞èÂ∞è‰∏ÄÂ∫ß‰∫îÂÖ≠Á±≥ÁöÑÁéªÁíÉÊ°•ÈúÄË¶Å15‰∏Ä‰∫∫ÊâçËÉΩËµ∞ÔºåÁúüÊòØËøáÂàÜ„ÄÇ ÂΩìÂú∞‰∫∫ËØ∑‰∏çË¶ÅËßâÂæóÊàëÂú®ÁûéËØ¥Ôºå‰∫≤Ë∫´ÁªèÂéÜ„ÄÇÊàëÂ§ß‰∏äÊµ∑ÂØπÊú¨Âú∞‰∫∫‰∏ÄÁÇπ‰ºòÊÉ†Ê≤°ÊúâÔºåÂìé„ÄÇ ÂΩìÁÑ∂‰∫ÜÊ°ÇÊûó‰∏çÈîôÁöÑÔºåÈò≥Êúî‰πüÊòØÔºåÊúâÊú∫‰ºöËøò‰ºöÂéª„ÄÇ
2018-07-01,Êú™Áü•,5,Âú®Ëµ∞Âá†Ê≠•Â∞±ÊòØ‰∏Ä‰∏™ÊôØÁÇπÁöÑÊ°ÇÊûóÔºåÂ§ÑÂ§ÑÊòØÁæéÊôØÔºåÊãøËµ∑Áõ∏Êú∫ÈöèÊâãÊäìÊãçÂ∞±ÊòØ‰∏ÄÂº†ÁæéÂõæ„ÄÇ Êú®ÈæôÊπñÁöÑÊôØËâ≤Áªù‰∏çÈÄä‰∫éÊºìÊ±üÔºåÊπñËæπÁöÑÊú®ÈæôÂ°î‰πüÂæàÊºÇ‰∫ÆÔºåÊòØÂÄºÂæó‰∏ÄÊ∏∏ÁöÑÂú∞Êñπ„ÄÇ
2017-11-06,Êú™Áü•,4,Êú®ÈæôÊπñ‰Ωç‰∫éÊ°ÇÊûóÂ∏ÇÔºåÊòØ‰∏§Ê±üÂõõÊπñ‰∏≠ÊúÄÂ∞èÁöÑ‰∏Ä‰∏™ÊπñÔºåËÄå‰∏îÊòØ‰∏™‰∫∫Â∑•ÊπñÔºåÂõ†‰∏∫Êúâ‰∏™Êú®ÈæôÊ¥ûÔºåÊâÄ‰ª•Â∞±Ëµ∑ÂêçÊú®ÈæôÊπñ„ÄÇ‰ΩÜÊòØÊôØËâ≤ÁâπÂà´‰ºòÁæéÔºåÁúãÁùÄÂøÉÊó∑Á•ûÊÄ°„ÄÇ
2020-06-15,Êú™Áü•,5,Ê°ÇÊûóÊú®ÈæôÊπñÊôØÂå∫‰Ωç‰∫éÂπøË•øÊ°ÇÊûóÂ∏ÇÂå∫ÂåóÈÉ®Ôºå‰∏úËµ∑ÊºìÊ±üÔºåË•øËá≥‰∏≠Â±±ÂåóË∑ØÔºåÂçóÈù†Âè†ÂΩ©Â±±„ÄÅÂåó‰∏¥‰∏úÈïáË∑ØÔºåÊòØÊ°ÇÊûó‰∏§Ê±üÂõõÊπñÁéØÂüéÊ∞¥Á≥ªÊúÄÈáçË¶ÅÁöÑÁªÑÊàêÈÉ®ÂàÜ„ÄÇ
2017-09-19,Êú™Áü•,3,‰Ωú‰∏∫ÊúÄÂêéÁöÑ‰∏Ä‰∏™ÊôØÁÇπÔºåÂ∞±ÂéªÊ∫úËææ‰∫Ü‰∏ÄÂúàÔºåÂæàÂ∞èÔºåÈ°∫ÁùÄÊú®ÈæôÂ°îÊòéÂüéÂ¢ôÁªïÊπñ‰∏ÄÂúàÂà∞Êú®ÈæôÊ°•ÂõûÔºåÈ£éÊôØÊúÄÂ•ΩÁöÑÂ∞±ÊòØÂú®Êú®ÈæôÊ°•‰∏äÂèäÂçóÂ≤∏ÁöÑÈ•≠Â∫óÁúãÊú®ÈæôÂ°îÔºåÂÜçÊúâÂ∞±ÊòØ‰∏§Ê±üÂõõÊπñÊ∏∏ËàπËøáÁöÑËàπ‰ΩìËµ∑ÈáçÊú∫Èó∏Èó®ÔºÅ
2019-07-10,Êú™Áü•,5,ÊÄª‰ΩìËøò‰∏çÈîôÔºÅËøõÂéª10ÂàÜÈíüËΩ¨‰∏ÄÂúàÂ∞±Âá∫Êù•Êí§Âï¶„ÄÇÈó®Âè£Êï£ÂÆ¢ÂîÆÁ•®ÂÖëÊç¢ÁΩëË¥≠Á•®ÈÇ£‰∏™Èó®Âè£Áî∑ÂîÆÁ•®ÂëòÁúü‰∏çÊï¢ÊÅ≠Áª¥ÔºåËÆ©ËøôÂá†Â§©ÂØπÊ°ÇÊûóÂç∞Ë±°Áõ¥Êé•ÊªëËêΩ‰ΩéË∞∑‚Ä¶Ê°ÇÊûóÂ±±Ê∞¥Áî≤Â§©‰∏ãÔºåÁúãÂ±±Ê∞¥È°∫ÊºìÊ±üËµ∞‰∏ÄË∑ØÈÉΩÊòØÁæéÊôØÁæéÂ±±ÁæéÊ∞¥ÔºåÊù•Ëøô‰∏™‰∫∫Â∑•Êπñ‰∏§Â∫ßÂ±±ÊòØÊ≠§Ê¨°Ê°ÇÊûóË°åÊúÄÂ§ßÁöÑÂ§±ËØØÂíåË¥•Á¨îÔºÅ
2018-10-26,Êú™Áü•,5,Êú®ÈæôÊπñÁöÑ‰ΩçÁΩÆÊú¨Êù•Ê≤°ÊúâÊπñÔºåÊòØ‰∏∫‰∫ÜÊ≤üÈÄöÊºìÊ±ü‰∏éÂÜÖÊπñ‰πãÊ∞¥ËÑâËÄåÊéòÂúü45‰∏á‰ΩôÊñπ„ÄÇ‰ª•Êú®ÈæôÊπñ‰∏∫‰∏≠ÂøÉÊûÑÊàê‰∫ÜÊú®ÈæôÊπñÊôØÂå∫„ÄÇÊú®ÈæôÊπñ‰πãÊ∞¥ËæπÂª∫Êú®ÈæôÂ°îÔºåÂåóÂ≤∏Âª∫ÂÆãË°óÔºå‰∏éÂÆã‰ª£ÈÅóÁïô‰∏ãÊù•ÁöÑÂè§ÂüéÈó®‰∏úÈïáÈó®ÈÅ•Áõ∏ÂëºÂ∫î„ÄÇÂçóÂ≤∏‰∏∫Ê°ÇÊûóÂêçÂ±±Âè†ÂΩ©Â±±„ÄÇÊú®ÈæôÊ°• ÂÆãÂüéÂÖ¨Âõ≠ÂÜÖÊú®ÈæôÊπñ‰∏äÊñ∞Âª∫ÁöÑÊ°•Ê¢Å„ÄÇÊ°•Ë∫´‰ªøÂº†Êã©Á´Ø„ÄäÊ∏ÖÊòé‰∏äÊ≤≥Âõæ„Äã‰∏≠ÁöÑÂåóÂÆãÊú®Ê°•ËÆæËÆ°„ÄÇ
2018-10-06,Êú™Áü•,5,Ê°ÇÊûóÊú®ÈæôÊπñÊºÇÊµÅÊòØÊ°ÇÊûóÊ∏∏ÁªèÂÖ∏ÁöÑÊ∏∏Áé©È°πÁõÆÔºåÁ´ôÂú®ËàπÁî≤Êùø‰∏äÔºå‰∏§Â≤∏ÈùíÂ±±ÊÖ¢ÊÖ¢ÂêëÂêéÁßªÂä®ÔºåÊ±üÊ∞¥Á¢ßÁªøÔºåÂÆõÂ¶ÇÁ•ñÊØçÁªøÂÆùÁü≥Ôºå‰∫∫Â•ΩÂÉèÂú®‰ªôÂ¢É‰∏≠Ê∏∏Ëç°„ÄÇÊ°ÇÊûóÂ±±Ê∞¥Áî≤Â§©‰∏ãÔºåÂêçÂâØÂÖ∂ÂÆûÔºåÈùûÂ∏∏ÊºÇ‰∫ÆÔºå‰ΩÜÂØºÊ∏∏‰∏ÄË∑ØÊé®ÈîÄ‰∫ßÂìÅÔºå‰∏ÄË∑ØÂº∫Âà∂Ë¥≠Áâ©ÔºåÊêûÁöÑÂøÉÊÉÖÂæà‰∏çÁàΩÔºåÊÑüËßâÊ°ÇÊûóÊóÖÊ∏∏Â•ΩÂ§öÈô∑Èò±
2017-10-03,Êú™Áü•,3,È¶ñÂÖàÊàë‰π∞‰∫ÜÁ•®ÂèØÊòØÂç¥Ë¢´Ê£ÄÁ•®‰∫∫ÂëòÊã¶‰ΩèÂú®Â§ñÈù¢Âçä‰∏™Â∞èÊó∂„ÄÇËøõÂà∞Âõ≠Âå∫‰πãÂêéÂê¨ËØ¥ÊúâÂÖçË¥πË°®ÊºîÔºåÂéüÊù•ÊòØÂ≠óÁîªÁöÑÊãçÂçñÂ±ïÁ§∫ÔºåÂçÅÂàÜÂùëÁàπÔºåÈáåÈù¢ÁöÑÊôØËâ≤ËøòÊòØÂèØ‰ª•ÔºåÂΩìÊàë‰ª¨ÂõûÂà∞Ë°®ÊºîÂú∫Âú∞ÔºåÂèëÁé∞ÊúâÁâπËâ≤ÁöÑË°®ÊºîÂú®ÂêéÂ§¥ÔºåÊàëËßâÂæóË°®ÊºîÁöÑÊµÅÁ®ãÂ∑≤ÁªèË¶ÅÊúâÊâÄÊîπÂä®
2016-11-28,Êú™Áü•,5,Êå∫Â•ΩÔºåÊç¢Á•®ÊãøÁü≠‰ø°Â∞±ÂèØ‰ª•ÔºåÂæàÂø´„ÄÇ
2019-11-02,Êú™Áü•,5,Êú®ÈæôÊπñÁöÑÂ§úÊôØÊòØÈùûÂ∏∏Áæé‰∏ΩÁöÑ„ÄÇÊú®ÈæôÊπñ‰Ωç‰∫éÂπøË•øÊ°ÇÊûóÂ∏ÇÂå∫ÂåóÈÉ®Ôºå‰∏úËµ∑ÊºìÊ±üÔºåË•øËá≥‰∏≠Â±±ÂåóË∑ØÔºåÂçóÈù†Âè†ÂΩ©Â±±„ÄÅÂåó‰∏¥‰∏úÈïáË∑ØÔºåÊòØ‰∏§Ê±üÂõõÊπñÁéØÂüéÊ∞¥Á≥ªÁöÑÈáçË¶ÅÁªÑÊàêÈÉ®ÂàÜ„ÄÇ Â§úÊ∏∏Êú®ÈæôÊπñÊòØÂæàÊúâÊÑèÊÄùÁöÑÊ∏∏ËßàÂÜÖÂÆπ„ÄÇ
2019-01-02,Êú™Áü•,4,Èó®Á•®‰ª∑Ê†ºËøòÊòØË¥µ‰∫õÔºåÁΩë‰∏äÂíåÊôØÂå∫ÁöÑ‰ª∑Ê†ºÂ∑ÆÂæàÂ§ö„ÄÇ Êú®ÈæôÊπñ‰Ωç‰∫éÂπøË•øÊ°ÇÊûóÂ∏ÇÂå∫ÂåóÈÉ®Ôºå‰∏úËµ∑ÊºìÊ±üÔºåË•øËá≥‰∏≠Â±±ÂåóË∑ØÔºåÂçóÈù†Âè†ÂΩ©Â±±„ÄÅÂåó‰∏¥‰∏úÈïáË∑ØÔºåÊòØ‰∏§Ê±üÂõõÊπñÁéØÂüéÊ∞¥Á≥ªÁöÑÈáçË¶ÅÁªÑÊàêÈÉ®ÂàÜ„ÄÇÊπñÁöÑ‰∏äÊñπÊúâÊú®ÈæôÊ¥ûÔºåÊâÄ‰ª•Áß∞‰∏∫Êú®ÈæôÊπñ„ÄÇ
2018-04-02,Êú™Áü•,5,‰∏™‰∫∫ËßâÂæóËøô‰∏™ÊôØÁÇπÁúüÁöÑÂæàÊºÇ‰∫ÆÔºåÈ¶ñÂÖàÔºåËøô‰∏™Â≠£ËäÇÁöÑÁªøÂåñÊ§çË¢´ÁúüÁöÑÂæàËåÇÁõõÔºåÁªøÊ†ëÊàêËç´ÔºåÁπÅËä±ÁõõÂºÄÔºõÂÖ∂Ê¨°ÔºåÊï¥‰ΩìÂ∏ÉÂ±ÄÔºåÊúâÊπñÔºåÊúâÊ°•ÔºåÊúâÂ±±ÔºåÊúâ‰ªøÂÆãÂª∫Á≠ëÔºåÊï¥‰∏™ÊûÑÂª∫Ëµ∑‰∏ÄÂâØÂÆåÁæéÁöÑÂ±±Ê∞¥ÁîªÔºåÂæàÊúâÊ°ÇÊûóÁöÑÁâπËâ≤ÔºÅ
2017-10-22,Êú™Áü•,4,Êú®ÈæôÊπñÊôØËâ≤ÈùûÂ∏∏Áæé‰∏ΩÔºå‰πüÊúâÂ∞èÂûãÁöÑËàûËπàË°®Êºî„ÄÇÂèØ‰ª•Ê≤øÊπñÊ¨£ËµèÁæéÊôØÔºåËµ∞Á¥Ø‰∫ÜÂèØ‰ª•ÂùêÂú®Ë°®ÊºîÂå∫‰ºëÊÅØÁúãË°®Êºî„ÄÇÊºîÂá∫ÊòØÂæ™ÁéØÁöÑ„ÄÇ‰∏çÁî®ÊãÖÂøÉÈîôËøáËßÇÁúã„ÄÇÂè¶Â§ñÊôØÂå∫Èó®Âè£Â∞±ÊúâÊ¥óÊâãÈó¥ÈùûÂ∏∏Êñπ‰æø„ÄÇ
2020-04-21,Êú™Áü•,5,Ê°ÇÊûóÊú®ÈæôÊπñÈÇ£Â±±ÈÇ£Ê∞¥ÈÉΩÈùûÂ∏∏ÁöÑÂ•ΩÁúãÔºåÁ©∫Ê∞îÊ∏ÖÊñ∞ÔºåËàíÈÄÇÔºå‰ª§‰∫∫ËÄ≥ÁõÆ‰∏ÄÊñ∞ÁöÑÊÑüËßâÔºåÂøÉÊó∑Á•ûÊÄ°ÔºåË∂£Âë≥ÊÄßÂº∫ÔºåÊÄß‰ª∑ÊØîË∂ÖÈ´òÁöÑÔºåÂÄºÂæóÊé®ËçêÁªôÂ§ßÂÆ∂Âì¶ÔºÅ
2019-12-14,Êú™Áü•,4,Âà∞Ê°ÇÊûóÊóÖÊ∏∏ÔºåÊê∫Á®ãËµ†ÈÄÅÁöÑÈó®Á•®ÔºåÊòØÊ°ÇÊûóÂ∏ÇÂå∫‰∏§Ê±üÂõõÊπñ‰∏≠ÊúÄÂ∞èÁöÑ‰∏ÄÊπñÔºå‰πüÊòØÊºìÊ±üËàπÊ∏∏ÂÖ•ÊπñÂè£ÁöÑÈó∏ÈÅìÂè£ÔºåÊúÄËøëÊ∞¥Â∞ëÔºåÂú®ËøôÊ∏∏ÂõõÊπñÈúÄË¶ÅÊç¢Ëàπ„ÄÇÂÖ¨Âõ≠ÁäπÂ¶ÇÁõÜÊôØÔºå‰∏ªË¶ÅËßÇËµè‰∏ÄÊ°•‰∏ÄÂ°î‰∏ÄÂ±±Ê¥ûÔºåÈù†ËøëÂè†ÂΩ©Â±±Ôºå‰ΩÜÊòØÂÖ¨Âõ≠Âú®‰øÆËë∫ÔºåÂà∞Â§ÑÈÉΩË¢´Êã¶Êà™‰∫Ü„ÄÇÂæàÂ∞èÔºåÂçäÂ∞èÊó∂Ëµ∞ÂÆåÂÖ®Âõ≠„ÄÇÂÖ¨Âõ≠ÂÜÖËøòÊúâÊùéÊµéÊ∑±ÁöÑÊïÖÂ±ÖÂèØ‰ª•ÂèÇËßÇ‰∏ã„ÄÇ
2019-09-02,Êú™Áü•,4,Êú®ÈæôÊπñÊôØÂå∫ÔºåÂáÜÂ§áÂè∑Èó®Á•®ËøõÂéªÂêßÔºå30+ÂÖÉÔºåÂØπ‰∫éÊ°ÇÊûóÂ∏ÇÂå∫ÈáåÈù¢ÁöÑÊôØÁÇπÔºåÊàë‰∏™‰∫∫ÊúâÁÇπËØùÊÉ≥ËØ¥ÔºåÂõ†‰∏∫Ê°ÇÊûóÂØπ‰∫éÊ∏∏ÂÆ¢ÂÆûÂú®‰∏çÂèãÂ•ΩÔºå‰ªª‰ΩïÂ∞èÊôØÁÇπÈÉΩË¶ÅÈó®Á•®ÔºåÈÉΩÂéªÁöÑËØù‰∏Ä‰∏™‰∏™Âä†Ëµ∑Êù•‰∏Ä‰∫∫500ÂùóÈÉΩ‰∏çÂ§üÁöÑÔºå‰ΩÜÊòØÁúüÁöÑ‰∏çÂÄºÔºåËÄå‰∏î‰∏Ä‰∫õÊôØÁÇπÁâπÂà´Â∞èÔºåÁâπÂà´Èõ∑ÂêåÔºåÊàë‰∏™‰∫∫Âª∫ËÆÆÂ∞±ÊòØÔºåÂèØ‰ª•Â∏¶‰∏™ÊúõËøúÈïúÔºåÈÄâ‰∏Ä‰∏™ÁôªÈ´òÁöÑÂ±±ÔºåÂà∞È°∂ÂêéÊúõËøúÈïúÁúãÁúãÂ∞±Ë°å‰∫ÜÔºå‰∏äÈù¢ÁúãËøáÂéªËøòÊØî‰Ω†Âú®ÈáåÈù¢ÁúãÁæéÂæóÂ§öÔºåÁúüÁöÑÊàëÊ≤°È™ó‰∫∫„ÄÇ‰∏çÁÑ∂‰∏∫‰ªÄ‰πàÊ°ÇÊûóÊúÄËøëËøô‰πàÂ§öÂíñÂï°È¶ÜË•øÈ§êÂéÖÁ∫¢‰∫ÜÔºüÂ∞±Âõ†‰∏∫‰ªéËøô‰∫õÂ∫óÂ∞±ËÉΩÁúãËßÅÊôØÁÇπ‰∫Ü„ÄÇ
2018-01-03,Êú™Áü•,4,ÂéªÁöÑÊó∂ÂÄôÂ§©Ê∞î‰∏çÊòØÂæàÂ•ΩÔºåËµ∂ËÑöÈ¢úËâ≤Êúâ‰∫õÂáãÊïùÔºå‰Ωú‰∏∫ÂõõÊπñ‰∏≠ÂîØ‰∏ÄÁöÑ‰∏Ä‰∏™‰∫∫Â∑•ÊπñÔºåÊú®ÈæôÊπñ‰øÆÂª∫ÂæóËøòÊòØ‰∏çÈîôÁöÑÔºåÈáåÈù¢ÁöÑË°®ÊºîÊØîËæÉÈ∏°ËÇãÔºåÂ∞±‰∏çÂª∫ËÆÆÁúã‰∫ÜÔºåÂçïÁ∫ØÂΩì‰∏™Êï£Ê≠•ÁöÑÂÖ¨Âõ≠ÂéªÈÅõÈÅõÂºØÂÑøËøòË°å„ÄÇ
2020-11-08,Êú™Áü•,5,„ÄêÊôØËâ≤„Äë „ÄêË∂£Âë≥„Äë „ÄêÊÄß‰ª∑ÊØî„Äë „ÄêË∂£Âë≥„Äë „ÄêË∂£Âë≥„Äë „ÄêÊÄß‰ª∑ÊØî„Äë „ÄêË∂£Âë≥„Äë „ÄêÊôØËâ≤„Äë „ÄêË∂£Âë≥„Äë „ÄêÊÄß‰ª∑ÊØî„Äë „ÄêÊôØËâ≤„Äë „ÄêË∂£Âë≥„Äë „ÄêÊÄß‰ª∑ÊØî„ÄëÂæàÊ£íÔºå‰∏ãÊ¨°‰ºöÂÜçÂéªÔºåÈ£éÊôØÂæàÂ•Ω
2017-08-28,Êú™Áü•,4,Ëøô‰∏™ÊôØÁÇπÁâπÂà´Â∞èÔºåÈÄÇÂêàÊãçÁÖßÔºå‰∏çÈÄÇÂêàÂ∞èÂ≠©Â≠êÔºåÂõ†‰∏∫ÁâπÂà´Ê≤°ÊÑèÊÄùÔºåÊôØÁÇπÈáåÊúâÂÖçË¥πË°®ÊºîÔºåÊúâ‰ºëÊÅØÁöÑÊ§ÖÂ≠êÔºåÊ∏∏ËßàÁöÑ‰∫∫‰πü‰∏çÁÆóÂ§öÔºåÂá∫Êù•Â∞±ÊòØÂ∏Ç‰∏≠ÂøÉÔºåÂèØ‰ª•ÂéªÈÄõË°óÔºåÊâìËΩ¶‰πüÊØîËæÉÊñπ‰æø„ÄÇ
2017-11-27,Êú™Áü•,5,Ëøô‰∏™ÊôØÁÇπÂÄºÂæó‰∏ÄÁúãÔºåÂ±±Ê∞¥ÔºåÂÆùÂ°îÔºåÂüéÂ¢ôÔºåÂª∫Á≠ëÔºåÊ∏∏ËàπÁ≠â‰∫§Áõ∏ËæâÊò†ÔºåÁæéÊûÅ‰∫Ü„ÄÇ
2017-05-12,Êú™Áü•,4,Êú®ÈæôÊπñËæπÊúâ‰∏™Ë°®ÊºîÂú∫ÊâÄÔºåË¶Å‰π∞Á•®ÊâçËÉΩËøõÔºå‰∏çËøáÂ•ΩÂÉèÂ∞±ÊòØÊóÖË°åÂõ¢Êâç‰ºöÂéªÂêß„ÄÇ‰∏ÄËà¨Ê∏∏ÂÆ¢Âè™ÊòØÂùêËàπÁªèËøáÔºåËÄå‰∏îÊ∏∏Ëàπ‰ºöÂú®Ëøô‰∏™ÊπñÈáåÂÅú‰∏ãÊù•ÔºåËÆ©Ê∏∏ÂÆ¢ÊãçÁÖß„ÄÇ‰ªéÊºìÊ±üÂêØËà™ÁöÑËàπ‰πüÊòØÂú®ËøôÈáåËøõÂÖ•ÊπñÂå∫ÔºåÂâçÂæÄÊ°ÇÊπñÂíåÊ¶ïÊπñ......
2016-07-02,Êú™Áü•,4,‰∏éÊºìÊ±üÁõ∏ËøûÔºåÊòØ‰∏§Ê±üÂõõÊπñÁöÑÈáçË¶ÅÁªÑÊàêÈÉ®ÂàÜÔºåÊúÄÂ§ßÁöÑÁâπËâ≤‰∏∫Âú®ÊπñËæπÊúâ‰ª•Êú®ÈæôÂ°î‰∏∫‰∏≠ÂøÉÁöÑ‰∏ÄÁ≥ªÂàó‰ªøÂè§Âª∫Á≠ëÔºåÂ§úÊôØÂæàÊ£í„ÄÇËÄåËßÇÊπñÁöÑÊúÄ‰Ω≥‰ΩçÁΩÆÔºåÊàëËßâÂæóÊòØË¶ÅÁôª‰∏äÂè†ÂΩ©Â±±È°∂‰øØÁû∞„ÄÇ
2016-01-26,Êú™Áü•,5,Êú®ÈæôÊπñÊòØ‰∏§Ê±üÂõõÊπñÂõõ‰∏≠ÁöÑ‰∏Ä‰∏™ÊπñÊ≥ä„ÄÇ‰πüÊòØÂîØ‰∏Ä‰∏Ä‰∏™‰∏éÊºìÊ±ü‰∫§ÈÄöÂºïÊºìÊ±üÊ∞¥ÂÖ•ÊπñÁöÑÊπñÊ≥äÔºÅÈ£éÊôØÂÆú‰∫∫„ÄÇÊØóÈÇªÂè†ÂΩ©Â±±„ÄÇËá™ÁÑ∂ÊôØËßÇ‰∏é‰∫∫ÊñáÊñáÂåñÁªìÂêàÁöÑ4AÁ∫ßÁöÑÊôØËßÇ„ÄÇÂÄºÂæó‰∏ÄÁúãÔºÅ
2016-02-15,Êú™Áü•,4,Êú®ÈæôÊπñ‰Ωç‰∫éÊ°ÇÊûóÂ∏Ç‰∏≠Â±±ÂåóË∑ØÔºåÊòØ‰∏§Ê±üÂõõÊπñ‰∏≠Âª∫Á≠ëÊúÄÂà´ÂÖ∑‰∏ÄÊ†ºÁöÑ‰∏ÄÊÆµÊπñÈù¢ÔºåÂÆÉÊòØÂú®ËÄÅÂüéÂ¢ô‰∏úÈó®ÂüéÁöÑ‰æùÊâò‰∏ãÔºåÂèÇÁÖßÊ∏ÖÊòé‰∏äÊ≤≥ÂõæÁ≠âÂæàÂ§öÂÆãÊúùÊó∂ÊúüÂª∫Á≠ëÊîπÂª∫ËÄåÊàêÁöÑ„ÄÇÁî±‰∫éÂêéÊúüÂª∫Á≠ë‰ª∑Ê†ºÊòÇË¥µÔºå‰πüÊòØÂõõÊπñ‰∏≠ÂîØ‰∏Ä‰∏ÄÂ§ÑË¶Å‰π∞Á•®ËøõÂÖ•ÁöÑÊπñÈù¢„ÄÇÊú®ÈæôÊπñÁöÑ‰ΩçÁΩÆÔºåÂú®ÂÆã‰ª£ÊòØ‰∏ÄÊéíÊéíÁöÑÂÖµËê•ÔºåËøô‰∏™‰∫∫Â∑•ÊπñÂõ†‰∏∫ÈÇªËøëÊú®ÈæôÊ¥ûÔºåÊïÖÂêçÊú®ÈæôÊπñÔºåÊú®ÈæôÂ°îÊòØ‰ª•‰∏äÊµ∑ÂÆã‰ª£ÁöÑÈæôÂçéÂ°î‰∏∫ËìùÊú¨Âª∫ÈÄ†ÁöÑÔºåÈ´ò45Á±≥„ÄÇÊú®ÈæôÊπñËøô‰∏™ÊπñÊòØ‰∏§Ê±üÂõõÊπñÈáåÊúÄÂ∞èÁöÑ‰∏Ä‰∏™Ôºå‰ΩÜÊòØÊôØËâ≤ÊØ´‰∏çÈÄäËâ≤„ÄÇÊûÅ‰∏∫Áæé‰∏Ω„ÄÇ
2015-12-12,Êú™Áü•,3,"11Êúà21Êó•Âéª‰∫ÜÊú®ÈæôÊπñÔºåË∑üÂõ¢ÊôØÁÇπ„ÄÇ‰∏ÄËà¨Ëà¨Ê≤°‰ªÄ‰πàÁâπÂà´Ôºå‰ªøÊ∏ÖÊòé‰∏äÊ≤≥ÂõæÁöÑÊ°•ÔºåÊú¨ÊÉ≥Êãç‰∏ãÊù•Ôºå‰ΩÜÁ©∫Èó¥ËßíÂ∫¶‰∏çÂ•ΩÊâæ„ÄÇÈÅóÊÜæÈïøÂØøÂ±±‰∏çÊòØÁ∫øË∑ØÂÆâÊéíÁöÑÊôØÁÇπ„ÄÇÂÜÖÂØºÂêπÂòòËÉΩÁôª‰∏äÈïøÂØøÂ±±Ê¥ªÂà∞130,ÈöèÂç≥Ë¶ÅÊ±ÇÂÜÖÂ∏¶Âõ¢ÂëòÂæÄ‰∏äÂÜ≤ÔºåÂèØ‰ªñËØ¥‰∏çÂú®ËåÉÂõ¥‰πãÂÜÖ„ÄÇ"
2019-01-30,Êú™Áü•,5,Âà∞Ê°ÇÊûóÊóÖÊ∏∏ÔºåÂª∫ËÆÆ‰∏ÄÂÆöË¶ÅÊ∏∏Áé©‰∏§Ê±üÂõõÊπñÔºåËøôÊòØÊåá‰Ωç‰∫éÊ°ÇÊûóÂ∏Ç‰∏≠ÂøÉÁöÑÊºìÊ±üÔºåÊ°ÉËä±Ê±üÔºåÊùâÊπñÔºåÊ¶ïÊπñÔºåÊ°ÇÊπñÂíåÊú®ÈæôÊπñ„ÄÇÊúÄÂ•ΩÁöÑÊñπÂºèÊòØ‰πòÂ∞èÊ∏∏ËâáÔºåÂà∞Ê°ÇÊûó‰∏ÄÂÆöË¶ÅËØïËØï„ÄÇ
2017-09-05,Êú™Áü•,4,È£éÊôØ‰∏çÈîôÔºåÂÖ¨Âõ≠‰∏çÂ§ßÔºåÊàë‰ª¨ÂéªÁöÑÊó∂ÂÄôÂ§™Êôí‰∫ÜÔºåÊ≤°‰ªÄ‰πàÂøÉÊÄùÊ¨£ËµèÔºå‰ªéÂè†ÂΩ©Â±±‰∏äÁúãÁöÑÊú®ÈæôÊπñÊå∫ÁæéÁöÑÔºåÊôö‰∏äÂºÄ‰∫ÜÁÅØÁúãÊõ¥Âä†ÁæéÔºå‰ΩÜÊòØÈó®Á•®ÂçÉ‰∏áÂà´Âú®ÂîÆÁ•®Á™óÂè£‰π∞ÔºåÂ§™Ë¥µ‰∫ÜÔºå70‰∏Ä‰∏™‰∫∫ÔºåÊàëÂú®Êê∫Á®ã‰∏ä‰π∞Êâç16.
2019-07-11,Êú™Áü•,5,Ê°ÇÊûóÊú®ÈæôÊπñÁî±‰∫éÊúÄËøëÈõ®Ê∞¥È¢ëÁπÅÔºåÊπñÊ∞¥ÊúâÊâÄ‰∏äÊ∂®ÔºåÊπñÊ∞¥Ê∏ÖÊæàÊòé‰∫ÆÔºåÂùêËàπÊ∏∏ËßàÊ°ÇÊûóÊú®ÈæôÊπñÔºåÊÑüËßâÈùûÂ∏∏‰∏çÈîôÔºåÂë®ËæπÁöÑÁéØÂ¢É‰πüÈùûÂ∏∏Â•ΩÔºåÂ±±Ê∏ÖÊ∞¥ÁßÄÂ•ΩÈ£éÂÖâ„ÄÇ
2018-01-01,Êú™Áü•,4,Âõ†‰∏∫Âê¨ËØ¥ÊòØÊ≤øÊπñÈÄ†ÊôØÁöÑÔºåÊâÄ‰ª•Â∞±Ê≤°ËøõÂéªÔºåÊ≤øÁùÄÊºìÊ±üÂíåÂè†ÂΩ©Â±±ËΩ¨‰∫Ü‰∏ÄÂúàÔºåËøúÁú∫Êú®ÈæôÊπñÔºåÊúâ‰∏Ä‰∏™Êú®Ê°•Ëµ∞‰∏äÂéªÈ¢§ÊÇ†ÊÇ†ÁöÑÔºåÊó†ÈúÄÈó®Á•®‰πüÊå∫ÊúâÊÑèÊÄùÁöÑ„ÄÇ
2017-09-23,Êú™Áü•,5,Âæà‰∏çÈîôÔºåÂéªÁöÑÈÇ£Â§©Â§©Ê∞îÂæàÂ•ΩÔºåÊôØËâ≤ÁâπÂà´ÊºÇ‰∫ÆÔºåÊôØÂå∫‰∏çÂ§ßÔºå‰∏çËøáÂæàÈÄÇÂêàÊãçÁÖß„ÄÇÊôØÂå∫ÈáåÊúâË°®ÊºîÔºåÂæà‰∏çÈîôÔºåÊØîË±°ÈºªÂ±±ÂÖ¨Âõ≠Âº∫ÂæàÂ§ö
2018-02-22,Êú™Áü•,5,ÊôØËâ≤‰∏çÈîôÔºöÂ±±Â≥∞Áã¨ÁâπÔºåÊπñÊ∞¥Ê∏ÖÊæàÔºåÂ∞ëÊï∞Ê∞ëÊóèÁöÑÁé∞Âú∫Ë°®ÊºîÊõ¥ÊòØÁ≤æÂΩ©Áªù‰º¶ÔºåÂÄºÂæó‰∏ÄÊ∏∏„ÄÇ
2019-05-06,Êú™Áü•,5,‰∏ìÈó®Êé•ÂæÖÂêÑÁßçÂêÑÊ†∑ÁöÑÊóÖË°åÂõ¢Ôºå‰∫∫Â±±‰∫∫Êµ∑ÔºåÂêÑÂºèÂêÑÊ†∑ÊóÖË°åÂõ¢ÁöÑÂõ¢Â∏ΩÁúãËµ∑Êù•‰∫îÂΩ©Áº§Á∫∑ÁöÑÔºåÂ•Ω‰∏çÁÉ≠Èóπ„ÄÇÊú®ÈæôÊπñËøòÊòØËõÆ‰∏çÈîôÁöÑÔºåÂÄºÂæó‰∏ÄÈÄõÔºåÈÄõÈÄõËøòÊòØ‰∏çÈîôÁöÑÔºåÊóÖË°åÂõ¢ÂØºÊ∏∏‰∏ç‰ºöËÆ©‰ªñ‰ª¨ÁöÑÂõ¢Âèã‰ª¨ÁªïÊπñÁöÑÔºåÊâÄ‰ª•ÈÄõ‰∏ÄÂúà‰∏ãÊù•ÁâπÂà´ËàíÊúç„ÄÇ
2018-02-23,Êú™Áü•,5,ÂâçÂá†Â§©Âú®‰∏äÈù¢Êé•‰∫Ü‰∏™Áª£ÁêÉÔºåÊºîÂëòÊºÇ‰∫ÆÔºåÂøòËÆ∞ÊãçÁÖß‰∫ÜÔºåÂì≠Âïä
2018-06-06,Êú™Áü•,4,Êú®ÈæôÊπñÊòØÊ°ÇÊûóÈùûÂ∏∏‰∏çÈîôÁöÑÊôØÁÇπ‰πã‰∏ÄÔºåÊôØËâ≤Ëø∑‰∫∫ÔºåÈ£éÊôØÁßÄ‰∏ΩÔºåÈ£éÂÖâÊó†ÈôêÈ≠ÖÂäõÔºåÂ±±ÈùíÊ∞¥ÁßÄÔºåÂª∫Á≠ëÊúâÁâπËâ≤ÔºåË∂£Âë≥ÊÄßÂº∫ÔºåÊÄß‰ª∑ÊØîË∂ÖÈ´òÁöÑÔºåÈÄÇÂêàÊãçÁÖßÁöÑÂú∞Êñπ„ÄÇ
2017-10-28,Êú™Áü•,5,Êú®ÈæôÊπñÊôØËâ≤ÂæàÁæéÔºåÊúâ‰∏™Êú®Èæô‰∫≠ÔºåÊôö‰∏äÂæàÊºÇ‰∫ÆÔºåÈáåÈù¢ËøòÊúâÊ≠åËàûË°®ÊºîÔºåÂÆãÂüéÂ¢ôÔºåÂèØ‰ª•‰∏äÂéªÔºåÂíåÂè†ÂΩ©Â±±Êå®ÁùÄ
2017-09-03,Êú™Áü•,5,Êú®ÈæôÊπñÁ¶ªËôûÂ±±ÂÖ¨Âõ≠ÂæàËøëÁöÑÔºå‰∏Ä‰∏™Á´ôÁöÑË∑ùÁ¶ªÔºåËøûÂÖ¨‰∫§ËΩ¶ÈÉΩ‰∏çÁî®Êê≠„ÄÇ‰∏çÁü•ÈÅìÊÄé‰πàÂ∞±‰π∞Âà∞17Â§öÁöÑÈó®Á•®ÔºåÂª∫ËÆÆ‰∏§‰∏™ÊôØÁÇπÁé©‰∏ÄÂ§©„ÄÇÊú®ÈæôÊπñÂæàÂ∞èÔºåÂ§úÊôØÂæàÁæé„ÄÇ
2018-05-19,Êú™Áü•,5,È£éÊôØÊå∫ÁæéÔºå‰∏ªË¶ÅÂ∞±ÊòØÂõ¥ÁªïÂ°îÂë®Âõ¥ÁöÑÊπñ„ÄÇ„ÄÇ„ÄÇ„ÄÇÂ§ß‰ΩìÊ∫úËææ‰∏Ä‰∏™Â§öÂ∞èÊó∂Â∞±ÂÆå‰∫ã‰∫Ü„ÄÇÊãçÁÖßÁöÑÊïàÊûúÂæàÁæé„ÄÇ
2019-04-26,Êú™Áü•,4,Ê°ÇÊûó‰πãË°åÁöÑÊúÄÂêé‰∏Ä‰∏™ÊôØÁÇπÔºåÊôØÂå∫ÊÄª‰ΩìÁúã‰∏äÂéªËøò‰∏çÈîôÔºå‰ΩÜÊòØÈÉΩÊòØÊñ∞Âª∫ÁöÑ‰∏úË•øÔºåÁº∫‰πè‰∫∫ÊñáÂéÜÂè≤ÁßØÊ∑Ä„ÄÇÂä†‰∏äÂ§©Â§™ÁÉ≠Â∞±Ê≤°ÊÄé‰πàÈÄõÔºåÂè™ÊòØÈöè‰æøËΩ¨‰∫ÜËΩ¨„ÄÇ
2018-02-01,Êú™Áü•,5,ÊôØËâ≤Êå∫‰∏çÈîôÁöÑÔºå‰ª∑Ê†º‰πü‰∏çË¥µÔºåËµû‰∏Ä‰∏™„ÄÇÂ∞±ÊòØ‰ªäÂ§©Ëµ∞ÁöÑÂÆûÂú®ÊòØÊúâÁÇπÁ¥Ø‰∫ÜÔºå
2021-04-26,Êú™Áü•,5,‰∏§Ê±üÂõõÊπñ‰∏≠ÊúÄÂÄºÂæó‰∏ÄÂéªÁöÑÊπñÔºåÊôØÂå∫Êï¥‰∏™‰ªøÂÆãÈ£éÊ†ºÂª∫Á≠ëÔºåÂ•ΩÈÄÇÂêàÂè§È£éÊãçÁÖßÂïäÔºÅÊú®ÈæôÂ°î‰πüÂ•ΩÂ•ΩÁúã
2018-04-16,Êú™Áü•,1,‰ªäÂ§©ÊòØÊ°ÇÊûóÊóÖË°åÁöÑÁ¨¨‰∏ÄÂ§©ÔºåÁî±‰∫éÊòØËá™Áî±Ë°åÂä®Ôºå‰∫éÊòØÂ∞±Êù•Âà∞‰∫ÜË∑ùÁ¶ªÂ∏ÇÂå∫ÊØîËæÉËøëÁöÑÊú®ÈæôÊπñÊôØÂå∫ÔºåÊôØÂå∫‰∏çÊòØÂæàÂ§ßÔºå‰ΩÜÊòØÊôØËâ≤‰∏çÈîôÔºåÊπñÊ∞¥Á¢ßÊ≥¢Ëç°ÊºæÔºåÂè§Â°î„ÄÅÂüéÂ¢ô„ÄÅÂè†ÂΩ©Â±±ÈÅ•Áõ∏ÂëºÂ∫îÔºåÂ≤∏ËæπËä±Á∫¢Êü≥ÁªøÔºå‰∏çÊÑßÊòØÊ°ÇÊûóÁöÑÂ±±Ê∞¥ÔºåÂ∞èÊôØÊå∫Ëø∑‰∫∫ÔºåÊ∏∏Áé©‰∫Ü‰∏Ä‰∏äÂçàËøòÊòØÊúâÁÇπÊµÅËøûÂøòËøîÔºÅ‰πüÊõ¥ÊúüÂæÖ‰∏ãÈù¢ÁöÑË°åÁ®ãÔºåÂ∏¶ÁªôÊàëÊõ¥Â§öÁöÑÊÉäËâ≥Âì¶...
2017-04-26,Êú™Áü•,5,ÂÖ¨Âõ≠Èó®Âè£ÂîÆÁ•®‰ª∑70ÂÖÉÔºåÊúâÁ•®Ë¥©Â≠êÂîÆ40„ÄÇÊàëÂú®Êê∫Á®ãË¥≠Á•®13.8„ÄÇ‰∏çËøáË¶Å2Â∞èÊó∂‰ª•ÂêéÊâçËÉΩÂÖ•Âõ≠„ÄÇÂª∫ËÆÆÂ§ßÂÆ∂Âéª‰πãÂâçÂÖàÊääÁ•®‰π∞Â•Ω‰∫Ü„ÄÇÂÖ¨Âõ≠ÂæàÂ∞èÔºåÊúâËäÇÁõÆË°®ÊºîÂæà‰∏ÄËà¨ÔºåÂª∫ËÆÆÂ§ßÂÆ∂‰∏ÄÂÆöË¶ÅÂà∞ÂÖ¨Âõ≠ÈáåÁöÑÂè§ÂüéÂ¢ô‰∏äÁúãÁúãÔºåÈÇ£ÂÑøËøòÊòØÂÄºÂæó‰∏ÄÁúãÁöÑ„ÄÇ
2021-03-06,Êú™Áü•,5,Ê°ÇÊûóÂ±±Ê∞¥Áî≤Â§©‰∏ãÔºåÊôØËâ≤‰∏çÈîôÔºåÊÄß‰ª∑ÊØîÈ´òÔºåÊãçÂá∫Êù•ÁöÑÁÖßÁâáÂíå‰∏ì‰∏öÊëÑÂΩ±Â∏à‰∏ÄÊ†∑Âì¶ÔºåÂéüÊù•Áæé‰∏ΩÁöÑÁÖßÁâáÂíå‰∏ì‰∏öÊ≤°ÂÖ≥Á≥ªüòä
2018-02-19,Êú™Áü•,5,Êê∫Á®ãÁΩëÂÆöÈó®Á•®‰ºòÊÉ†Â§öÂ§öÔºåÊàëËßâÂæóÂéªÊ°ÇÊûóÊú®ÈæôÊπñÊòØÂÄºÂæóÂéªÁöÑ‰∏Ä‰∏™ÊóÖÊ∏∏ÊôØÁÇπÔºåËøòÊúâÊºîÂá∫Áúã„ÄÇ
2017-12-10,Êú™Áü•,5,Â∏¶‰ø©‰∏™Â∞èÂÆ∂‰ºôÊù•Áé©ÔºåÈùûÂ∏∏‰∏çÈîôÔºåÈÄÇÂêàÂ∏¶Â∞èÊúãÂèãÊù•Áé©ÔºåÂú∞ÊñπËôΩÁÑ∂‰∏çÂ§ßÔºåÊôØËâ≤ÂæàÂ•ΩÔºåÂæàÊª°ÊÑè
2017-08-24,Êú™Áü•,5,ÂæàÂ•ΩÔºåÊúâÊó∂Èó¥ÂèØ‰ª•ÁªïÊπñÊ≠•Ë°å‰∏ÄÂë®ÔºåËøòÂèØ‰ª•ÁúãÂà∞ÂÆãÂüéÂ¢ôÔºåÂ§úÊôØÂæàÁæéÔºåÂ∞§ÂÖ∂Êú®ÈæôÂ°îÔºåÊôö‰∏äËàπÂè™ÊØîÁôΩÂ§©Â§öÔºå‰∫∫ÊØîÁôΩÂ§©Â∞ëÂæàÂ§öÔºåÊØîËæÉÈÄÇÂêàÊãçÁÖß
2018-08-06,Êú™Áü•,5,Âú∞ÊñπËôΩÂ∞è‰ΩÜÊå∫ÊúâÊÑèÊÄùÔºåËøòÂèØ‰ª•ÁúãÊºîÂá∫ÔºåÁéØÂ¢É‰πü‰∏çÈîôÔºå‰∫§ÈÄöÈùûÂ∏∏Êñπ‰æøÔºå‰ªéÊ°ÇÊûóÂåóÁ´ôÂá∫ÂèëÔºåÂÖ¨‰∫§ËΩ¶16ÂàÜÈíüÂ∞±Âà∞‰∫ÜÔºåÈòøÂ¶π‰πüËõÆÊºÇ‰∫ÆÁöÑ
2018-01-28,Êú™Áü•,5,ÊôØÁÇπÂæàÁæéÂì¶ÔºÅÊúÄÂπ∏ËøêÁöÑÊòØÔºåÊàë‰ªäÂ§©ÂéªÊòØÂàöÂàöÂ•ΩÈÅáËßÅ‰π¶Ê≥ïÂ§ßÂ∏àËµµÊôìÂÜõËÄÅÂ∏àÔºå‰ªñÂú®Áé∞Âú∫‰π¶ÂÜô„ÄäÈ©¨Âà∞ÊàêÂäü„ÄãÔºåÂèØÊÉúÂΩìÊó∂ÊàëÊ≤°ÊúâÂãáÊ∞îÂéª‰π∞
2018-12-03,Êú™Áü•,5,ÊôØÂå∫‰∏çÈîôÔºåÈîôËêΩÊúâËá¥ÔºåÈáåÈù¢ÊúâÊùéÊµéÊ∑±ÂÖàÁîüÊïÖÂ±ÖÔºåËøòÊúâËëóÂêç‰π¶Ê≥ïÂ§ßÂ∏àÁé∞Âú∫ÂÜôÂ≠óËµ†ÈÄÅ
2017-12-11,Êú™Áü•,5,ÂæàÂ•ΩÂïäÔºåË°®Êºî‰πü‰∏çÈîôÔºåÂ∞±ÊòØÂ°îÂ§úÊôØ‰∏ÄÁõ¥‰∏ç‰∫ÆÔºåÁ≠â‰∫ÜÂæà‰πÖÔºåÂêéÊù•ÂéªÂè†ÂΩ©Â±±ÊâçÁúãÂà∞
2017-11-30,Êú™Áü•,5,Êú®ÈæôÊπñ~Áæé‰∏çËÉúÊî∂ÔºåÊúÄËøëË±°Â±±Ê∞¥ÊûØÔºåËøôÈáåÂ±±Ê∞¥Ê≠£Â•ΩÔºåÂ±±Ê∞¥‰πãÈó¥‰∏§Áõ∏ÂÆú„ÄÇ
2021-05-02,Êú™Áü•,5,Â§±ÊÅãÁ∫¶‰∫ÜÊ≠ªÂÖöÊù•ËøôÈô™ÊàëÊï£ÂøÉÔºåÊ≤°ÊÉ≥Âà∞ÂÅ∂ÈÅáËßÅÂ•πÂíåÈó∫Ëúú......ÊàëÂíåÂ•πÂ∞±ËøôÊ†∑ÂºÄÂßã‰∫ÜÊàë‰ª¨ÁöÑÊïÖ‰∫ãÔºå‰ª§ÊàëÊ≤°ÊÉ≥Âà∞ÁöÑÊòØÊ≠ªÂÖöÂíåÂ•πÈó∫Ëúú‰πüËøôÊ†∑ÂºÄÂßã‰∫Ü„ÄÇÁºòÔºÅÂ¶ô‰∏çÂèØË®Ä
2019-09-23,Êú™Áü•,5,Ê°ÇÊûóÊú®ÈæôÊπñÊòØÊ°ÇÊûóÂ∏Ç‰∏§Ê±üÂõõÊπñÂÖ∂‰∏≠‰∏Ä‰∏™Êπñ„ÄÇËøô‰∏™Êπñ‰πüÊòØ‰Ωç‰∫é‰∏Ä‰∏™ÈúÄË¶ÅÊî∂Ë¥πËøõÂéªÁöÑÊπñ„ÄÇÊôö‰∏äÈ™ëË°åÁªèËøáÂèñÊâìÂç°„ÄÇÊú®ÈæôÊπñËøôËæπÊúâ‰∏™Êú®ÈæôÂ°îÊØîËæÉÂá∫ÂêçÔºåÊóÅËæπÂ∞±ÊòØÂè†ÂΩ©Â±±„ÄÇ
2018-10-10,Êú™Áü•,5,‰ª∑Ê†º‰∏çË¥µÔºå‰πüÂ∞±ÂçÅÂá†ÂùóÈí±ÔºåÈáåÈù¢È£éÊôØÂæàÂ•ΩÔºåÊúâÊ°•ÊúâÊπñÊúâÁâπËâ≤Âª∫Á≠ëÔºåÁªøÂåñÂæàÂ•ΩÔºåÂèØ‰ª•Â•ΩÂ•ΩÁöÑÊãçÁæéÁæéÁöÑÁÖßÁâá„ÄÇ‰ΩÜÊòØÂπ∂‰∏çÊòØÂæàÂª∫ËÆÆÂùêËàπËøõÂéªÔºåËøòÊòØÈúÄË¶ÅÁî®ÂèåËÑöÂéª‰∏àÈáèÁæé‰∏ΩÁöÑÂúüÂú∞ÔºåÁî®ÂèåÁúºÊÖ¢ÊÖ¢Ê¨£ËµèËøôËø∑‰∫∫ÁöÑÈ£éÊôØÔºÅ
2018-02-22,Êú™Áü•,4,ÂæàÂ∞èÊ≤°ÊÉäÂñúÁöÑÊôØÁÇπÔºå‰∏ÄÊπñ‰∏ÄÂ°îÔºåÊºîÂá∫‰πü‰∏ÄËà¨ÔºåÊ≤°Ê≥ïÁôªÈ´òÊúõËøú„ÄÇÂ•ΩÂú®ÈÄöËøáÊê∫Á®ãËÆ¢Á•®Ôºå‰∏çÁÑ∂70ÂÖÉÈó®Á•®Â§™‰∏çÂÄº‰∫Ü„ÄÇ
2018-05-05,Êú™Áü•,5,ÂÄºÂæó‰∏ÄÂéªÔºåËøòÂèØ‰ª•Áúã‰∫∫Â¶ñÔºå‰∏äÂàÄÂ±±ÔºåÔºÅ
2017-07-28,Êú™Áü•,5,‰ªäÂ§©Âéª‰∫ÜËµ†ÈÄÅÁöÑÊôØÁÇπÔºåÊú®ÈæôÊπñÔºõÈ™åËØÅÂæàÊñπ‰æøÔºåÂÖ•Âõ≠ÂêéÔºåÊúâË°®ÊºîÔºåÊôØËâ≤ÂæàÂ•ΩÔºå‰∫∫‰πü‰∏çÊòØÂæàÂ§ö„ÄÇÂú∞Êñπ‰∏çÂ§ßÔºåÊ∏∏Áé©‰∏Ä‰∏™Â§öÂ∞èÊó∂ÔºåÊå∫Â•ΩÁöÑÔºÅ
2018-09-01,Êú™Áü•,4,È£éÊôØËøò‰∏çÈîôÔºåÂú®ÈáåÈù¢ÈÄõ‰∫Ü‰∏Ä‰∏™Â§öÂ∞èÊó∂ÔºåÊú®ÈæôÂ°îÁôΩÂ§©ÂíåÂ§úÊôöÁúãÊôØËâ≤Â§ß‰∏çÂêå„ÄÇÂ∞±ÊòØÂÅúËΩ¶ÊØîËæÉÂùëÔºåÊòéÊòéÊåÇÁöÑÂÖ¨Á§∫ÁâåÔºå‰∏ÄÂ∞èÊó∂ÂõõÂùóÈí±Ôºå‰ΩÜÊòØÈó®Âç´ËØ¥ËøõÂéªÂçÅÂùóÈí±ÔºåÂá∫Êù•ÂçÅÂùóÈí±„ÄÇ‰∏çÁªôÂ∞±‰∏çÂáÜÂÅúÔºåÊÄÅÂ∫¶ÂçÅÂàÜÊÅ∂Âä£„ÄÇ
2018-02-22,Êú™Áü•,5,Êê∫Á®ãË¥≠Á•®Ê∏∏Áé©Êú®ÈæôÊπñÔºåÁ•®‰ª∑ÊØîÁé∞Âú∫‰ºòÊÉ†‰πüÊñπ‰æøÔºåÊôØËâ≤‰πü‰∏çÈîô
2018-02-20,Êú™Áü•,5,ËÆ¢‰∫Ü‰ª•ÂêéÁ´ãÂàªÊúâÁü≠‰ø°ÂëäÁü•ËÅîÁ≥ªÁîµËØùÔºåÊâìËøáÂéªÂêéÈ©¨‰∏äÂèëÊù•Áü≠‰ø°ÔºåÂá≠Áü≠‰ø°Âà∞ÂîÆÁ•®Â§ÑÂèñÁ•®ÔºåÂæàÊñπ‰æøÂø´Êç∑Âèà‰æøÂÆú„ÄÇÊôØÂå∫ÁéØÂ¢É‰ºòÁæéÔºåÂÆöÊó∂ËøòÊúâÊºîÂá∫ÔºåÂÄºÂæó‰∏ÄÊ∏∏
2017-05-15,Êú™Áü•,5,Êú®ÈæôÊπñ‰∏éÂè†ÂΩ©Â±±Áõ∏ÈÇªÔºåÊóÅËæπËøòÊúâÂÖ´Ë∑ØÂÜõÈ©ªÊ°ÇÊûóÂäû‰∫ãÂ§Ñ„ÄÇ
2017-04-30,Êú™Áü•,4,ÂÖ¨Âõ≠‰∏çÂ§ßÔºå‰ΩÜÈ£éÊôØ‰∏çÈîôÔºåÈáåÈù¢Êúâ‰∏™ÂÆãÂüéÂ¢ôÂèØ‰ª•Áú∫ÊúõÊºìÊ±üÔºåËøòÊúâÊºîÂá∫ÔºÅÂ¶ÇÊûú‰ºëÈó≤Ê∏∏Áé©ÂèØ‰ª•ÂÄºÂæó‰∏ÄÂéªÔºÅ
2017-09-20,Êú™Áü•,4,ÊπñÁöÑ‰∏äÊñπÊúâÊú®ÈæôÊ¥ûÔºåÊâÄ‰ª•Áß∞‰∏∫Êú®ÈæôÊπñÔºåÊôØËâ≤‰ºòÁæéÔºåÈ£éÊôØÁßÄ‰∏ΩÔºåËá™ÁÑ∂Â±±Ê∞¥‰∏éÂéÜÂè≤ÊñáÂåñÁõ∏ËûçÂêàÔºåË∂£Âë≥ÊÄßÈùûÂ∏∏Âº∫ÔºåÊÄß‰ª∑ÊØîË∂ÖÈ´òÁöÑÔºåÂÄºÂæóÊé®ËçêÁªôÂ§ßÂÆ∂„ÄÇ
2019-07-10,Êú™Áü•,4,È£éÊôØ‰∏çÈîôÔºåÈó®Âè£ÂîÆÁ•®ÂëòÊÄÅÂ∫¶‰∏çÊï¢ÊÅ≠Áª¥ÔºåÂ∞èÊôØÁÇπ‚Ä¶ËøõÂéª10ÂàÜÈíüÂ∞±Âá∫Êù•
2018-02-07,Êú™Áü•,5,Êõ¥Ê£íÔºåÈó®Á•®‰ª∑Ê†ºÂæàÂÆûÊÉ†ÔºåÈáåÈù¢ÁöÑÊôØËâ≤‰πüÁâπÂà´Áæé
2018-04-29,Êú™Áü•,5,ÂÖ¨Âõ≠‰∏çÂ§ßÔºåÊúâÁÇπÁâπËâ≤ÔºÅÂë®Êú´ÊãçÁÖßÂ•ΩÂéªÂ§Ñ
2016-11-17,Êú™Áü•,4,Êôö‰∏äÂùêËàπÂéªÁúãÁöÑÔºåÂ§úÊôØÂæàÊºÇ‰∫ÆÔºå‰∏çÈîô„ÄÇ
2018-05-13,Êú™Áü•,5,ÊôØËâ≤ÁâπÂà´Áæé‰∏Ω ËäÇÁõÆ‰∏∞ÂØåÂ§öÂΩ©ÂÄºÂæó‰∏ÄÂéª
2018-03-23,Êú™Áü•,5,ÊØîÈó®Â∏Ç‰ª∑‰æøÂÆú‰∏çÂ∞ëÔºåËÄå‰∏îÂèñÁ•®ÂèàÂø´ÂèàÊñπ‰æøÔºåËµû‰∏Ä‰∏™„ÄÇÂ∞±ÊôØÂå∫Êú¨Ë∫´ËÄåË®ÄÔºåÊòØ‰ªøÊ∏ÖÊòé‰∏äÊ≤≥ÂõæÁöÑ‰∏Ä‰∏™ÂÜÖÂÆπ‰æùÊπñËÄåÂª∫ÔºåËøòÂèØ‰ª•
2019-09-16,Êú™Áü•,5,ËøáÂπ¥ÊúüÈó¥ÂéªÁöÑ„ÄÇÊúâÁÇπÂøòËÆ∞‰∫ÜÔºåÂΩìÊó∂Â•ΩÂÉè‰π∞Èîô‰∫Ü‰∏Ä‰∏™ÔºåÈôÑËøëÁöÑÂÖ¨Âõ≠Â•ΩÂá†‰∏™ÈÉΩÊòØ‰∏¥ËøëÁöÑÔºå‰∏ÄÂÆöË¶ÅÁúãÂ•ΩÁâåÂ≠êÂÜç‰π∞Á•®„ÄÇ„ÄÇ„ÄÇ
2020-01-27,Êú™Áü•,4,Áªï‰∏ÄÂúà‰∏çÂ§ßÔºåÂè§ÂüéÂ¢ô‰∏äÂèØ‰ª•ÁúãÂà∞ÊºìÊ±üÔºåÈáåÈù¢Ë°®ÊºîËäÇÁõÆÊ≤°‰ªÄ‰πàÊñ∞È≤úÊÑü
2019-03-19,Êú™Áü•,4,ËøòÂèØ‰ª•ÂêßÔºÅÊ°ÇÊûóÁ¨¨‰∏ÄÁ´ôÔºÅ‰∏çÂ§ßÔºÅÊóÅËæπÁöÑÂè†ÂΩ©Â±±Êõ¥ÊúâÊÑèÊÄùÔºÅÊê∫Á®ã‰π∞Á•®ÂæàÂàíÁÆóÔºÅÂÆûÂú∞‰π∞56ÂÖÉÂ∞±ÂæàÂùë‰∫ÜÔºÅÊ∑°Â≠£ÔºÅ‰∫∫‰∏çÂ§öÔºÅ‰Ωì‰ºö‰∏Ä‰∏ãËøòÂèØ‰ª•ÔºÅÊé®ËçêÂéªÂè†ÂΩ©Â±±ÔºÅ
2017-07-05,Êú™Áü•,5,ÊôØËâ≤‰∏çÈîôÔºåÊ∏∏Áé©Êó∂Èó¥1Â∞èÊó∂Ë∂≥Áü£ÔºåÊó∂Èó¥ÂÖÖË∂≥ÁöÑËØùÂèØ‰ª•Êù•ÈÄõÈÄõ
2023-06-03,‰∏äÊµ∑,5,È£éÊôØÂæàÁæé„ÄÇ
2018-03-31,Êú™Áü•,4,ÈùíÂ±±ÁªøÊ∞¥ÔºåÂÄºÂæó‰∏ÄÂéªÔºåÂæàÈÄÇÂêàÊãçÁÖß
2017-04-02,Êú™Áü•,3,Ë¶ÅÊèêÂâç2Â∞èÊó∂ËÆ¢Á•®ÔºåÁé∞Âú∫‰π∞Á•®ÂÆûÂú®Â§™Ë¥µÔºå‰∏ªË¶ÅÊòØ‰∏çÂÄºÁé∞Âú∫‰π∞Á•®ÁöÑ‰ª∑Èí±„ÄÇÈáåÈù¢ÁöÑÂ°îÊòØ‰∏çÁªô‰∏äÂéªÁöÑÔºåÁªøÂåñËõÆÂ§öÔºåÂ∞±ÊòØÊ≤°‰ªÄ‰πà‰∫ÆÁÇπÔºåÂú®Âè†ÂΩ©Â±±‰∏äËøúËßÇÁöÑÊØîËøõÂéªÁúãË¶ÅÂ•ΩÁúã„ÄÇÊó∂Èó¥‰∏çÂÖÅËÆ∏ÁöÑ‰∫≤‰ª¨Â∞±Ê≤°ÂøÖË¶ÅÂéª„ÄÇ
2017-10-07,Êú™Áü•,4,ÊóÖË°åÁ§æÈÄÅÁöÑÁ•®ÔºåÂçÅ‰∏ÄÁôΩÂ§©ÂéªÁöÑÔºå‰∫∫‰∏çÂ§öÔºåÊï¥‰Ωì‰∏ÄËà¨„ÄÇ
2020-08-15,Êú™Áü•,4,ÊôØËâ≤‰∏çÈîôÔºåÂÄºÂæóÊé®ËçêÔºå
2021-05-03,Êú™Áü•,5,Â•ΩÂ±±Â•ΩÊ∞¥Ôºå‰ªøÂè§Âª∫Á≠ëÔºåÂ•Ω‰∏ÄÊ¥æÂ±±Ê∞¥Âõ≠ÊûóÊôØËßÇÔºÅÂÖªÂú®Èó∫‰∏≠‰∫∫Êú™ËØÜÔºÅ‰ª∑Ê†º‰πüÂÆûÂú®„ÄÅÊ°ÇÊûóÂ±±Ê∞¥ÁöÑÊòéÁè†ÔºÅÂæàÂ•ΩÁöÑËØ†Èáä‰∫ÜÂüéÂú®ÊôØ‰∏≠ÔºåÊôØÂú®Âüé‰∏≠
2017-12-19,Êú™Áü•,5,‰ª∑Ê†º‰æøÂÆúÔºåÂèñÁ•®Âø´Êç∑ÔºåÊôØÁÇπÂæàÁæéÔºÅ
2017-05-08,Êú™Áü•,3,‰∏ÄËà¨„ÄÇ„ÄÇ„ÄÇ„ÄÇ„ÄÇ„ÄÇ„ÄÇ„ÄÇ„ÄÇ„ÄÇ„ÄÇ„ÄÇ
2017-03-30,Êú™Áü•,5,‰∏ÄÂà∞Âë®Êú´ÊîæÂÅáÔºåÊúâÊó∂Èó¥ÈÉΩ‰ºöÂéªËµ∞Ëµ∞ÁúãÁúãÔºåÂëºÂê∏Êñ∞È≤úÁ©∫Ê∞îÔºåÊÑüÂèóÂ§ßËá™ÁÑ∂ÁöÑÊ∞îÊÅØÔºÅ
2018-04-29,Êú™Áü•,3,Èó®Á•®ÂçÅÂá†ÂùóÈí±ÔºåÈáåÈù¢ËøòË°åÔºå‰∏çËøáÈÉΩÊòØËÄÅÂπ¥‰∫∫Êó†ËÅäÁûéÈÄõ‰∏Ä‰∏ãËøòÊòØÂèØ‰ª•ÂéªÈÄõÈÄõ„ÄÇ
2021-05-01,Êú™Áü•,5,„ÄêÊôØËâ≤„ÄëÊ°ÇÊûóÁöÑÈò≥Êò•‰∏âÊúàÂõõÊúàÊàëÂéªÊú®ÈæôÂÖ¨Âõ≠Á´ôÂú®Ê°•‰∏äÁÖßÂÉèÂ∞±‰∫∫Âú®‰ªôÂ¢ÉËà¨ÁöÑÊÑüËßâÔºåÁúüÊòØÂ§™Áæé‰∫Ü„ÄÇ
2019-04-21,Êú™Áü•,4,Ê°ÇÊûóÁöÑÂ±±Ê∞¥Á°ÆÂÆûÁæéÁöÑÔºåÊú®ÈæôÊπñ‰∏éÊºìÊ±ü‰∫§Ê±áÂ§ÑÊ∞¥‰ΩçËêΩÂ∑ÆÔºåÂèØËßÅÂà∞ËàπËà∂ÂçáÈôçÊú∫„ÄÇËøòÂèØ‰ª•ÁúãÂà∞Â∞ëÊï∞Ê∞ëÊóèÈ£é‰øóÁöÑËäÇÁõÆÊºîÂá∫„ÄÇ
2017-10-08,Êú™Áü•,5,ËøôÈáåÊôØËâ≤ÂÆú‰∫∫ÔºåÊù•Ê°ÇÊûó‰∏ªË¶ÅÊòØÈ¢ÜÁï•Â±±Ê∞¥È£éÂÖâÔºåÊú®ÈæôÊπñÂ∞±ÊòØ‰∏çÈîôÁöÑÈÄâÊã©
2017-08-24,Êú™Áü•,5,ÊÑüËßâËøòÊòØÂæà‰∏çÈîôÁöÑÔºåÂ∞±ÊòØÂ§ßÊôö‰∏äÂéªÂ§ßËÄÅËøúÁúãËßÅÂêäÊ°•Âç¥Êâæ‰∏çÂà∞ÂéªÂêäÊ°•ÁöÑË∑ØÔºåÊúâ‰∫õÈÅóÊÜæ„ÄÇ
2018-02-14,Êú™Áü•,3,ÂèØËÉΩÊòØÂÜ¨Â≠£ÁöÑÂéüÂõ†ÔºåÊÑüËßâÊ≤°‰ªÄ‰πà‰∫ÆÁÇπÔºåÈó≤ÈÄõ‰∫Ü‰∏ÄÂúàÂ∞±Âá∫Êù•‰∫Ü
2016-03-06,Êú™Áü•,3,Ê°ÇÊûóÂèØÁé©ÁöÑÂú∞ÊñπÂ§™Â§ö‰∫ÜÔºåÂéªËøôÈáåÊòØÂõ†‰∏∫Á¶ªÊàë‰ΩèÁöÑÂÆæÈ¶ÜËøëÔºåÁé∞Âú∫‰π∞Á•®Â§™Ë¥µÔºåË¶ÅÂéªÁöÑËØùÔºå‰∏ÄÂÆöÁΩë‰∏äËÆ¢Á•®„ÄÇ‰ªñÁ¥ßÈÇªÂè†ÂΩ©Â±±Ôºå‰ªéÂ±±‰∏äÂèØ‰øØÁû∞Êú®ÈæôÊπñ„ÄÇ
2015-12-24,Êú™Áü•,5,‰∫∫ÊØîËæÉÂ∞ëÔºåÈáåÈù¢Á©∫Ê∞îÈùûÂ∏∏Â∞ë„ÄÇÈùíÂ±±ÁªøÊ∞¥ÁöÑÔºåÊúâÂáâ‰∫≠‰ªøÂè§Âª∫Á≠ëÔºåÊ¥ªÊ¥ªÁöÑ‰∏ÄÂâØÂ±±Ê∞¥ÁîªÔΩûÂÄºÂæó‰∏ÄÂéªÔΩû
2016-04-13,Êú™Áü•,5,ÊôØËâ≤ËøòË°åÔºåÂèØ‰ª•Êôö‰∏ä‰πòÂùê‰∏§Ê±üÂõõÊπñÂ§úÊ∏∏ÁöÑËàπÈÉΩÂèØ‰ª•ÁúãÂà∞ÔºåÊôØËâ≤ÁúãÁùÄËøòÊõ¥ÊºÇ‰∫ÆÔºåÁôΩÂ§©ÁúãÁùÄ‰∏ÄËà¨
2015-10-19,Êú™Áü•,3,ÂÆÉ‰Ωç‰∫éÊ°ÇÊûóÂ∏ÇÂÜÖÁöÑ‰∏Ä‰∏™ÂÖ¨Âõ≠ÈáåÔºåÊçÆËØ¥ÂÆÉÊòØ‰∏§Ê±üÂõõÊπñ‰∏≠ÂîØ‰∏Ä‰∏Ä‰∏™‰∫∫Â∑•ÊπñÔºåÊâÄ‰ª•Ë∑üÂÖ∂‰ªñÁöÑÂá†Êù°Ê±ü„ÄÅÊπñÊØîËµ∑Êù•ÔºåÊôØËâ≤Áï•ÈÄä‰∏ÄÁ≠πÔºåÊï¥‰ΩìÊÑüËßâ‰∏ÄËà¨„ÄÇ
2021-05-03,Êú™Áü•,5,Ê°ÇÊûóÊú®ÈæôÊπñËøôËæàÂ≠êÂÄºÂæó‰∏ÄÂéªÁöÑÂ•ΩÂú∞ÊñπÔºÅÊàë‰∏ãÊ¨°Ëøò‰ºöÂÜçÊù•ÁöÑÔºÅÈöæÂøòÁöÑ‰∫î‰∏ÄÂÅáÊúüÔºÅËµûËµûËµûüëç
2016-06-18,Êú™Áü•,5,ÁéØÂ¢É‰∏çÈîôÔºåÂè™ÂèØÊÉúÂõ≠Â≠ê‰∏çÂ§ßÔºå‰∏Ä‰∏™Â∞èÊó∂Â∞±ÈÄõÂÆå‰∫ÜÔºåÈáåÈù¢Êúâ‰∏™ÊºîÂá∫ÊòØÂÖçË¥πËßÇÁúãÁöÑÔºåÊ≤°Âï•ÊÑèÊÄùÔºåÂÖ®ÂΩìÂùê‰∏ã‰ºëÊÅØ‰∫ÜÔºÅÂÖ¨Âõ≠Âü∫Êú¨‰∏äÈÉΩÊòØÊé•Âõ¢Ôºå‰∏Ä‰∏™Êé•‰∏Ä‰∏™ÁöÑÔºåÂØºÊ∏∏Â∞±ÂùêÂú®ÂÖ¨Âõ≠Èó®ÈáåÔºåÂçÅÂ§ö‰∏™ÔºÅ
2018-07-06,Êú™Áü•,5,Âú∞ÊñπÊúâÁÇπÂ∞èÔºå‰ΩÜÊå∫ÊúâÊÑèÊÄùÁöÑÂìàÂìàÂìàÂìàÂìàÂìà
2016-12-25,Êú™Áü•,5,ÁÉüÈõ®‰∏≠ÁöÑÊú®ÈæôÊπñÔºåÁ´ØÂ∫ÑÁßÄÁæéÔºåÁæé‰∏ΩËø∑‰∫∫ÔºÅ
2017-12-11,Êú™Áü•,5,ÂÖ¨Âõ≠ËôΩÁÑ∂‰∏çÂ§ßÔºå‰ΩÜÂ±±Ê∞¥Áõ∏‰æùÔºåÊôØËá¥ÂæàÁæéÔºåÂú∞Â§ÑÁπÅÂçéË°óÂå∫„ÄÇÊòØ‰∏™ÈùûÂ∏∏ÂÄºÂæó‰∏ÄÊ∏∏ÁöÑÊôØÂå∫„ÄÇ
2017-09-15,Êú™Áü•,5,Âá∫Á•®Âø´ÔºåÊôØËâ≤Â•ΩÔºåÂè†ÂΩ©Â±±‰∏ãÔºå‰∏çÁî®Áà¨Â±±
2015-10-31,Êú™Áü•,4,ÊòØÊ°ÇÊûó‰∫åÊ±üÂõõÊπñÁöÑÂÖ∂‰∏≠‰∏Ä‰∏™Êπñ„ÄÅÊ∞¥Á≥ªÁõ∏Ëøû„ÄÅÊôØËá¥‰∏∞ÂØå„ÄÅÁúãÁÇπÂ§ö„ÄÅÊ°ÇÊûóÂ∏ÇÁöÑÁæé‰∏Ω„ÄÅÂ∞±Âú®‰∫é‰∫åÊ±üËê¶ÁªïÂõõÊπñÈï∂ÂµåÂÖ∂‰∏≠„ÄÅÁúü‰ººÁîªÂªä‰ªôÂ¢É„ÄÇ
2023-05-03,Ê±üË•ø,5,Èóπ‰∏≠ÂèñÈùôÔºåÈ£éÊôØ‰∏çÈîôÔºåÂ§úÊôØÊõ¥ÁæéÔºÅ
2018-02-09,Êú™Áü•,5,È£éÊôØÂ¶ÇÁîªÔºÅÂÄºÂæóÊ∏∏Áé©ÔºÅ‰∏çÊûâÊ≠§Ë°åÔºÅ
2023-03-11,Âπø‰∏ú,5,ÊØîÂú®Áé∞Âú∫‰π∞ÂàíÁÆóÂæàÂ§öÔºåËÄå‰∏îÂá∫Á•®ÂæàÂø´Ôºå‰∏çÈîô„ÄÇ‰∏ãÊ¨°ËøòÊòØÈÄâÊã©Âú®ËøôÈáåË¥≠Á•®„ÄÇ
2021-12-14,Êú™Áü•,5,ËøôÈáåÊòØÊ°ÇÊûó‰∏§Ê±üÂõõÊπñÊôØÂå∫ÁöÑ‰∏Ä‰∏™ÊôØÁÇπÔºåÂ±±Ê∞¥ÁæéÔºåÁªøÂåñÁæéÔºåÁâπÂà´Â§úÊôØÊõ¥Áæé„ÄÇ
2018-02-19,Êú™Áü•,4,Êú®ÈæôÊπñËøòÊòØÂèØ‰ª•ÁöÑÔºåÂ∑Æ‰∏çÂ§öÂÄºËøô‰∏™‰ª∑ÂêßÔºåÈ£éÊôØËøòÊòØ‰∏çÈîôÁöÑÔºå‰πüÊúâË°®ÊºîÔºåÂè™ÊòØË°®ÊºîÂπ∂Ê≤°ÊúâÊÉ≥Ë±°‰∏≠Â•ΩÁúãÔºåÂèØ‰ª•‰∏çÂøÖÂéªÁúã„ÄÇ
2021-07-11,Êú™Áü•,5,‰∏çÈîôÔºåËøòÊúâËäÇÁõÆÔºåÂéªÁöÑÂΩìÂ§©ËôΩÁÑ∂‰∏ãÁùÄÂ∞èÈõ®ÔºåÂç¥‰∏ùÊØ´‰∏çÂΩ±ÂìçÊ∏∏Áé©ÁöÑÂøÉÊÉÖ
2021-05-02,Êú™Áü•,5,ÊôØËâ≤ÂÆú‰∫∫ÔºåÁéØÂ¢É‰ºòÁæéÔºåÊóÖÊ∏∏ËÆæÊñΩÈÖçÂ•óÂÆåÂñÑÔºåÁÆ°ÁêÜ‰ºòËâØÔºåÈÄÇÂêà‰ºëÈó≤Ê∏∏Áé©
2021-05-02,Êú™Áü•,5,ÊúâÂ±±ÊúâÊ∞¥ÔºåÁ©∫Ê∞îÊ∏ÖÊñ∞ÔºåÊôØËâ≤‰ºòÁæéÔºå‰ª∑Ê†º‰∫≤Ê∞ëÔºåÊòØ‰ºëÈó≤Â∫¶ÂÅáÁöÑÂ•ΩÂéªÂ§ÑÔºÅ
2017-08-19,Êú™Áü•,5,Èü¶ÊôìË∑ØÂØºÊ∏∏ÂæàÂ•ΩÔºåÈ£éÊôØÂæàÁæéÔºåÂÅöÊóßÁöÑÊñ∞ÊôØËßÇ
2021-02-09,Êú™Áü•,5,Â±±Ê∏ÖÊ∞¥ÁßÄÊù•ÂΩ¢ÂÆπÊ°ÇÊûóÁöÑÈ£éÊôØÔºå‰∏ÄÁÇπ‰∏ç‰∏∫Ëøá
2020-05-20,Êú™Áü•,5,Ê°ÇÊûóÁöÑ‰∏§Ê±üÂõõÊπñÊôØÁÇπ‰πã‰∏ÄÔºåÁæéÔºåÂÄºÂæó‰∏ÄÂéª
2019-08-02,Êú™Áü•,5,‰∫∫ÈÄ†ÊôØËßÇÔºå‰ΩÜÊòØÁúüÁöÑ‰∏çÈîôÔºåÊï¥‰∏™ÊôØÂå∫ÂæàÂà´Ëá¥ÔºåÊôö‰∏ä‰πòËàπÁúãÊõ¥Âä†Ëµû
2019-04-22,Êú™Áü•,5,Êú®ÈæôÊπñÁéØÂ¢É‰∏çÈîôÔºå‰∏çËøáÂü∫Êú¨ÈÉΩÊòØ‰∫∫ÈÄ†ÁöÑÔºå‰πòËàπÂÖú‰∏ÄÂúàËøòÊòØ‰∏çÈîôÁöÑ
2019-01-24,Êú™Áü•,5,Á•®‰ª∑Âæà‰æøÂÆúÔºåÂ•ΩÂÉè10ÂÖÉÈí±ÔºåÈáåÈù¢ÊúâÊ∞ëÊóèÁâπËâ≤ÁöÑË°®ÊºîÔºåÊå∫ÊúâË∂£„ÄÇ
2017-07-25,Êú™Áü•,5,Ê°ÇÊûóÂ±±Ê∞¥Áî≤Â§©‰∏ãÔºåÁúüÊòØ‰∏ÄÁÇπ‰∏çÂÅáÔºåËøôÈáåÁöÑÈ£éÊôØÂ§™ÁæéÔºåÂ§™ÊºÇ‰∫Æ‰∫Ü„ÄÇ
2016-08-05,Êú™Áü•,5,Á´ãÂÜ¨Âêé„ÄÇÂ§ïÈò≥ÁöÑ‰ΩôÊôñÔºåÊääÊ°ÇÊûóÂõõÊπñ‰πã‰∏ÄÁöÑÊú®ÈæôÊπñÊò†ÂæóÊ†ºÂ§ñËÄÄÁúº„ÄÇ
2022-12-19,ÂÆâÂæΩ,5,‰ºëÈó≤ÁöÑÁîüÊ¥ª‰∏≠ÁöÑÁÇπÁÇπÊª¥Êª¥ÔºåÁæéÊôØÂ¶ÇÁîª
2016-03-06,Êú™Áü•,5,ÁôΩÂ§©ÂíåÊôö‰∏äÂêÑÊúâÂçÉÁßãÔºåÁôΩÂ§©ÈùíÂ±±ÁªøÊ∞¥ÔºåÊôö‰∏äÂÖâËäíÂõõÂ∞ÑÔºåÁæéÔºÅ
2016-01-27,Êú™Áü•,5,ÈáåÈù¢ÊúâÊπñÁâπÂà´Â•ΩÁúãÔºåÈáåÈù¢ÂïÜ‰∏öÂåñÊØîËæÉ‰∏•Èáç„ÄÇÂæàÂ§ö‰∏úË•øÈÉΩË¶ÅÈí±
2020-10-23,Êú™Áü•,5,Â±±ÁæéÊ∞¥ÁæéÁöÑÊ°ÇÊûóÔºåÊú®ÈæôÊπñÂæàÁæéÂïä„ÄÇ
2017-12-09,Êú™Áü•,4,Ê°ÇÊûóË∑üÂõ¢Ê∏∏ÊúÄÂêé‰∏ÄÂ§©Ëá™Áî±Ë°åÔºåÊó©‰∏äÊâæ‰∫ÜÂéªÊú®ÈæôÊπñÁöÑÊôØÁÇπÊ∏∏Áé©„ÄÇÂà∞‰∫ÜÊôØÁÇπÈó®Âè£Âú®Êê∫Á®ãË¥≠‰∫ÜÁ•®ÔºåÂæàÂø´Êç∑Êñπ‰æøÁöÑËøõ‰∫ÜÊôØÁÇπ„ÄÇÊú®ÈæôÊπñÈù¢ÁßØ‰∏çÂ§ßÂõ¥ÁùÄÊπñ‰∏ÄÂúà‰∏Ä‰ºöÂÑøÂ∞±Ê∏∏Áé©ÂÆå‰∫Ü„ÄÇ‰ΩÜÊôØËâ≤‰∏çÈîôÊó©‰∏äÁ©∫Ê∞î‰πüÊñ∞È≤ú„ÄÇ
2017-11-26,Êú™Áü•,4,Ëá™ÁÑ∂‰∫∫ÊñáÊôØËßÇËøòÊàêÔºåÂè™ÊòØ‰ªÄÂπ∫ÂÇ£ÊóèÂ©öÁ§º‰ª™ÂºèÂ∞±Â§™Ê≤°ÊÑèÊÄù‰∫Ü
2016-10-08,Êú™Áü•,5,ÁôΩÂ§©Ë∑üÊôö‰∏äÁöÑÊÑüËßâ‰∏ç‰∏ÄÊ†∑ÔºåÊé®Ëçê„ÄÇ
2024-12-06,ÂπøË•ø,1,‰∏çÂÄºÂæóÂéªÔºåÈó®Âè£ÂÜôÁùÄ5AÊôØÂå∫ÔºåÊåÇÁæäÂ§¥ÂçñÁãóËÇâÔºåÁéØÂ¢É‰∏ÄËà¨ÔºåÊØè‰∫∫35ÔºåËøõÈô¢ÂêéÂ∏¶ÁùÄÂéªÁ•àÁ¶èÔºåÊî∂Ë¥πÔºÅ
2021-05-25,Êú™Áü•,5,ËøòË°åÂêßÔºåÊúÄÂêé‰∏ÄÂ§©ÂéªÊú∫Âú∫Ââç‰∏çÁü•ÈÅìÂéªÂì™ÈáåÔºåÁúãÂà∞Êú®ÈæôÊπñÈó®Á•®ÔºåÊ≤°ÂéªËøáÔºåÂõ†Ê≠§Âéª‰∫Ü„ÄÇÊôØËâ≤‰∏ÄËà¨Ëà¨Ôºå‰∏çËøáÂØπ‰∫éÊ≤°ÂéªËøáÁöÑ‰∫∫Ôºå‰πüËøòÊòØÂèØ‰ª•ÂéªÈÄõ‰∏ÄÈÄõÁöÑ„ÄÇ
2018-01-08,Êú™Áü•,5,Êù•Ê°ÇÊûó Â§ßÊ¶ÇÈÉΩË¶ÅÂéªËøô‰∏™Âú∞ÊñπÂêß ÊúâÂ±±ÊúâÊ∞¥ÊúâÊ≤≥ÊµÅÁöÑÂú∞Êñπ
2017-06-08,Êú™Áü•,5,ÊôØËâ≤ÂæàÂ•ΩÔºåÈ£éÊôØÂ±±Ê∞¥ÈÉΩÂæàÊºÇ‰∫ÆÔºåÁâπÂà´ÊòØÊôö‰∏äÔºåÂÄºÂæóÁúã
2023-03-22,ÂÆâÂæΩ,5,È£éÊôØ‰∏çÈîôÔºåÂà´Êúâ‰∏ÄÁï™È£éÂë≥Ôºå‰∏çÈîô‰∏çÈîô‰∏çÈîô‰∏çÈîô‰∏çÈîô
2021-05-01,Êú™Áü•,5,ÁéØÂ¢ÉÈùûÂ∏∏Â•ΩÔºå‰∏ÄÂÆ∂‰∫∫Áé©ÁöÑÂæàËΩªÊùæÔºåÂæàÈÄÇÂêà‰ºëÈó≤Ê∏∏„ÄÇ
2017-08-28,Êú™Áü•,5,Â•ΩÁé©ÔºåÊú®ÈæôÊπñÊúâÂ±±ÊúâÊ∞¥ÊúâË°®ÊºîÔºåÈÄÇÂêà‰∏ÄÂÆ∂Â§ßÂ∞èÂéªÁé©
2023-03-18,ÂπøË•ø,3,ÊôØÁÇπÈó®Á•®Â§™Ë¥µÔºåÈ£éÊôØ‰∏ÄËà¨ÔºåËÆ∏Â§öÊôØÁÇπÈó®ÂÖ≥Èó≠ÔºåÊÑüËßâÂæàÂÜ∑Ê∏ÖÔºå‰∏çÂÄºÂæóÂéª„ÄÇ
2018-05-04,Êú™Áü•,5,Â±±Ê∏ÖÊ∞¥ÁßÄÔºåÂèØÊÉúÂéªÁöÑÊó∂ÂÄô‰∏ãÁÇπÂ∞èÈõ®ÔºåÂîØ‰∏Ä‰∏ÄÁÇπÊòØÂê¨Âà∞ÈÇ£ÈáåÊëÜÊëäÁÖßÁõ∏ÁöÑÊëä‰∏ªÈ™ÇÊ∏∏ÂÆ¢‰∫ÜÔºå‰∏çÊñáÊòéÔºå
2017-09-10,Êú™Áü•,5,ÊôØÂå∫Â∞èÂ∑ßÁ≤æËá¥ÔºåÈù¢ÁßØ‰∏çÂ§ßÔºå‰ΩÜÊúâÂ±±ÊúâÊ∞¥ÔºåÊúâÊÉÖË∞ÉÔºåËøòÊúâÂè§Âª∫Á≠ëÂíåÊú®Â°îÔºåÂÄºÂæó‰∏ÄÁúã„ÄÇ‰ΩÜÈó®Á•®‰ª∑Ê†ºÂÅèÈ´òÔºå‰ªéÊê∫Á®ãËÆ¢Á•®‰ª∑Ê†º‰ΩéÂ§ö‰∫ÜÔºåÊÑüËßâË∂ÖÂÆûÊÉ†„ÄÇ
2017-05-30,Êú™Áü•,5,‰∏ÄÂÆöË¶ÅÊôö‰∏äÂéªÔºÅ‰∏§Â≤∏ÁöÑÁÅØÂÖâÊïàÊûúÂæàÂ•ΩÔºåÂ•ΩÊºÇ‰∫ÆÔºÅ
2017-04-06,Êú™Áü•,5,Êú®ÈæôÊπñÊòØÊ°ÇÊûó‚Äú‰∏§Ê±üÂõõÊπñ‚ÄùÊôØÁÇπÁöÑÂÖ∂‰∏≠‰∏ÄÊπñÔºåÈ£éÊôØ‰ºòÁæéÔºåÁ©∫Ê∞îÊ∏ÖÊñ∞ÔºåÊÑüËßâÂæàÂ•Ω„ÄÇÁâπÂà´ÊòØÊê∫Á®ã‰∏äË¥≠Á•®‰ºòÊÉ†ÔºåÊØîÊôØÁÇπÂîÆÁ•®Â§Ñ‰æøÂÆúÂæàÂ§öÔºåÂæàÂàíÁÆó„ÄÇ
2021-05-01,Êú™Áü•,5,ÊôØËâ≤ÂæàÁæéÔºåÁ©∫Ê∞îÁâπÂà´Â•ΩÔºåÊòØ‰∏™‰ºëÈó≤ÁöÑÂ•ΩÂéªÂ§ÑÔºÅ
2018-09-22,Êú™Áü•,3,Èó®Âè£ÂîÆÁ•®Â§Ñ70ÂÖÉÔºåÊú®ÈæôÊπñÊôØËâ≤ÂíåËøô‰∏™Á•®‰ª∑Áúü‰∏çÊàêÊ≠£ÊØî„ÄÇÁΩë‰∏äËÆ¢Á•®16‰∏Ä‰∏™‰∫∫Ôºå‰ª∑‰ΩçÂêàÈÄÇ„ÄÇ
2017-10-02,Êú™Áü•,3,ÊàëÂá†‰πé‰∏çËÉΩÁõ∏‰ø° Êê∫Á®ã‰ª∑ÂíåÈó®Â∏Ç‰ª∑Â±ÖÁÑ∂ÊúâËøô‰πàÂ§ßÁöÑÂå∫Âà´„ÄÇÁé∞Âú∫ËØ¢‰ª∑Èó®Â∏ÇÁ°ÆÁ°ÆÂÆûÂÆûÊòØ70ÂÖÉÊØèÂº†„ÄÇËÄåËøôÈáåÁöÑ‰ª∑Ê†ºÂ±ÖÁÑ∂Ëøû1/4ÈÉΩ‰∏çÂà∞„ÄÇËÄå‰∏îÂíåÂÆû‰ΩìÁ•®Ê≤°Êúâ‰ªª‰ΩïÂå∫Âà´„ÄÇËá≥‰∫éÊôØÁÇπÂÜÖÈÉ®Â∞±Âè™ËÉΩÁî®‰∏ÄÂ∏ÆËøô‰∏§‰∏™Â≠óÊù•ÂΩ¢ÂÆπ‰∫Ü„ÄÇÂØπÂæóËµ∑Êê∫Á®ãÁöÑ‰ª∑Ê†ºÔºå‰ΩÜÊòØÂ¶ÇÊûúÊòØÈó®Â∏Ç‰ª∑Ê†ºÁöÑËØùÂ∞±Â§™Á¶ªË∞±‰∫Ü„ÄÇÊ°ÇÊûóÂ∏ÇÂå∫ÁöÑÊôØÁÇπÂ§ßÂ§öÂ§ßÂêåÂ∞èÂºÇÔºåÊó†Â§ñ‰πé„ÄÇ‰∏Ä‰∏™Áü≥Â§¥‰∏ÄÁâáÊπñÈù¢ÁΩ¢‰∫Ü„ÄÇÂ∫îËØ•ËØ¥Ëøô‰∏™‰ª£ÁêÜÂïÜÂá∫Á•®ÂæàÂø´ÊàëÊòØÂú®ÊôØÂå∫Èó®Âè£ÂÆöÁöÑÁ•®Âá†ÂàÜÈíüÂ∞±ÊêûÂÆöÂï¶
2017-10-01,Êú™Áü•,5,Êú®ÈæôÊπñÊúâÊºîÂá∫Ôºå‰∏≠Èó¥Êúâ‰∏™Â∞èÊ°•ÊãçÊãçÁÖßÊå∫‰∏çÈîôÔºÅ
2016-02-10,Êú™Áü•,4,Ê°ÇÊûó‰∏§Ê±üÂõõÊπñ‰∏≠ÁöÑ‰∏ÄÊπñÔºåÊπñÁïîÂª∫Êúâ‰ªøÂè§Âª∫Á≠ëÁæ§Ôºå‰∏éËá™ÁÑ∂ËøòÊòØÊå∫ÂçèË∞ÉÁöÑÔºåÊôö‰∏ä‰∫ÆÁÅØÊó∂Â•ΩÊºÇ‰∫Æ„ÄÇ
2021-05-02,Êú™Áü•,5,Èó∫Ëúú‰∏ÄËµ∑Áü≠ÈÄî‰∏§Â§©‰ºëÈó≤ËàíÈÄÇÂ•ΩÂéªÂ§ÑÔºÅËµûüëç
2019-08-27,Êú™Áü•,4,‰∏ÄËà¨ÔºåÂ§ßÊôØÁÇπÈÉΩËÄçÂÆå‰∫ÜÂèØ‰ª•ËÄÉËôëÂéªËøôÈáåËΩ¨ËΩ¨Ôºå‰ºëÈó≤Ôºå‰∫≤Â≠êÔºåÊï¨ËÄÅÔºåËøòÊòØÂèØ‰ª•ÂéªÁöÑ„ÄÇËøô‰∏™ÊôØÂå∫Â∞±ÊòØÂ∏ÇÂå∫ÈáåÈù¢‰∏Ä‰∏™Â∞èÊôØÁÇπÔºåÂíåÂá∫Èó®ÁöÑÂá†‰∏™ÊôØÁÇπ‰∏ÄÊØîÔºåÊòØË¶ÅÈÄäËâ≤‰∫õÔºå‰ΩÜÊòØ‰∫∫ÂÆ∂‰æøÂÆúÂèàËøëÂëÄÔºÅ
2017-09-21,Êú™Áü•,5,ËøôÈáåÁöÑÁ°ÆÊòØ‰∏Ä‰∏™Êå∫ÊúâÁâπËâ≤ÁöÑÂú∞ÊñπÔºÅÈ£éÊôØ‰ºòÁæé
2019-11-24,Êú™Áü•,5,Âè§ÂÖ∏ÈüµÂë≥ÁöÑÂ°î ‰∏éÂπΩÈùôÈõÖËá¥ÁöÑÊπñÈù¢Ëûç‰∏∫‰∏Ä‰Ωì
2022-09-18,ÂÆâÂæΩ,5,ÁéØÂ¢É‰∏çÈîôÔºå‰∫∫‰∫∫‰ºëÈó≤ÁöÑÔºåÂà´Êúâ‰∏ÄÁï™È£éÂë≥
2018-04-30,Êú™Áü•,4,ÈùûÂ∏∏ÊºÇ‰∫ÆÔºåÊôØÁæéÔºå‰ºëÈó≤Ê∏∏Áé©ÁöÑÂ•ΩÂú∞Êñπ„ÄÇ
2016-08-14,Êú™Áü•,4,Ê°ÇÊûóÊú®ÈæôÊπñÊôØËâ≤‰∏çÈîôÔºå‰∏çËøáÈó®Á•®ÂÅèË¥µ„ÄÇ
2015-10-18,Êú™Áü•,5,ÂΩìÊó∂Ê∏∏Áé©ËôΩÁÑ∂Â§©‰∏ãÁùÄÈõ®Ôºå‰ΩÜÊòØ‰∏ÄÁÇπÈÉΩ‰∏çÂΩ±ÂìçÊ∏∏Áé©ÁöÑÂøÉÊÉÖÔºåÈõ®Â§©ÊóÖÊ∏∏ÊòØÂè¶Â§ñ‰∏ÄÁßçÊÑüÂèóÔºåÈ¢ÜÁ•®ÁöÑÊó∂ÂÄôÊúçÂä°‰πüÂæàÂë®Âà∞Ôºå‰∏ãÊ¨°Ëøò‰ºöÂÜçÊ¨°ÈÄâÊã©
2023-06-22,ÂÆâÂæΩ,5,È£éÊôØ‰∏çÈîôÔºå‰ºëÈó≤ÁîüÊ¥ª‰∏≠ÁöÑÁÇπÁÇπÊª¥Êª¥ÔºÅ
2021-05-01,Êú™Áü•,5,Ê≠§ÊôØÂèØ‰ª•ËµõË•øÊπñÔºåÈöæÂæó‰∫∫Èó¥Âá†ÂõûÈÜâÔºÅ
2018-05-17,Êú™Áü•,5,ÂÄºÂæó‰∏ÄÂéªÁöÑÊóÖÊ∏∏ÊôØÁÇπ Â±±Â•ΩÊ∞¥Â•ΩÁ©∫Ê∞îÂ•Ω
2017-09-10,Êú™Áü•,5,Ë¥≠Á•®Êñπ‰æøÔºåÊôØËâ≤ËõÆÂ•ΩÁöÑÔºåÂÄºÂæóÂéªÁé©„ÄÇ
2019-01-19,Êú™Áü•,5,ÊôØËâ≤ÂæàÂ•ΩÔºåÂú∞ÊñπÂæàÂ∞è„ÄÇ‰ªéÂè†ÂΩ©Â±±ÁúãÂà∞ÁöÑÊôØËâ≤ÂæàÂ•ΩÔºåÊâÄ‰ª•Á¨¨‰∫åÂ§©Â∞±Êù•‰∫Ü„ÄÇ‰∏§‰∏™‰∫∫Ôºå‰∏ÄÂ§ß‰∏ÄÂ∞èÔºåÁ£®Ëπ≠ÁùÄÁé©ÔºåÊâçÈÄõ‰∫Ü‰∏§‰∏™Â∞èÊó∂„ÄÇ
2023-07-09,Âπø‰∏ú,5,‰ª•ÂâçÊù•ËøáÔºåËøôÊ¨°ÁâπÂú∞ÂèàÊù•ÁúãÔºåÁéØÂ¢ÉÂæàÂ•ΩÔºåÈ£éÊôØÁßÄ‰∏ΩÔºåÂª∫Á≠ëÈ£éÊ†ºÈùûÂ∏∏È´òÂìÅË¥®ÔºåÊãçÁÖßÂæàÂ•ΩÁúã„ÄÇÈô§‰∫ÜËöäÂ≠êÊúâÁÇπÂ§öÔºåÂÖ∂‰ªñÈÉΩÊå∫Â•Ω
2018-07-13,Êú™Áü•,4,ÂæàÊúâÊ°ÇÊûóÁâπËâ≤ÁöÑÊôØÂå∫ÔºåÂ∞±ÊòØÂΩìÂ§©Èò¥Â§©ÔºåÊãçÁÖßÊöó‰∫Ü‰∏Ä‰∫õÔºåÂÖ∂‰ªñËøòÊòØ‰∏çÈîôÁöÑ„ÄÇ
2024-07-20,ÂπøË•ø,1,Âç≥Â∞ÜÁªìÊùüÊ°ÇÊûóÊóÖÊ∏∏Ë°åÁ®ãÁöÑÊúÄÂêé‰∏ÄÂ§©‰ΩìÈ™åÊúÄÂ∑ÆÁöÑ‰∏Ä‰∏™ÊôØÁÇπÊ≤°Êúâ‰πã‰∏ÄÔºåÈ¶ñÂÖàÈó®Á•®ÔºåÁé∞Âú∫Ë¥≠Á•®55ÂÖÉÔºåÊê∫Á®ã39ÂÖÉÔºåË¶ÅË¥≠Á•®Âêé30ÂàÜÈíüÊâçËÉΩÈ™åÁ•®ÔºàÊ∏∏Á¶ªÂÖ®ÂõΩÂêÑÂú∞Â§ö‰∏™ÂüéÂ∏ÇÈ¶ñ‰æãÔºâÔºåÂÖ∂Ê¨°Êó∂Èó¥Âà∞‰∫ÜÂÖ•Âè£È™å‰∏ç‰∫ÜÁ•®Ë¢´ÂëäÁü•Âà∞ÂîÆÁ•®Á™óÂè£Êç¢Á•®ÔºåÂîÆÁ•®Á™óÂè£‰∫∫ÂëòÊÄÅÂ∫¶ÊûÅÂ∑ÆÂèàËÆ©Ê∏∏ÂÆ¢Ëá™Â∑±Âú®‰∏Ä‰∏™‰∏âËøûÂçï‰∏äÂÜô‰∫åÁª¥Á†ÅÂçïÂè∑Â•πÂÜçÊâãÊú∫Êâ´Á†ÅÔºåÂÜçÁªô‰∏§ËøûÂçïÂéªÂÖ•Âè£Áªô‰∫∫Âè£Â∑•‰Ωú‰∫∫ÂëòËøõÊôØÂå∫ÔºåËøõÊôØÂå∫ÂêéÁúüËÆ©‰∫∫Â§ßÂºÄÁúºÁïåÔºåÊï¥‰∏™ÊôØÂå∫Âá†‰πéÂÜçÁúã‰∏çÂà∞Â∑•‰Ωú‰∫∫Âëò‰∫ÜÔºåÂç´ÁîüËÑè‰π±Â∑ÆÔºåÊùéÊµéÊ∑±ÊïÖÂ±ÖËøòÈîÅÈó®ÔºåÂè™Êúâ‰∏âÂõõ‰∏™ÂïÜÂÆ∂ÂºÄÁùÄÈó®ÔºåÊï¥‰∏™ÊôØÂå∫‰∏çÂà∞20ÂàÜÈíüÂ∞±ÈÄõÂÆå‰∫ÜÁöÑÔºå‰∏äÂè†ÂΩ©Â±±ÁöÑÂ§ö‰∏™ÂÖ•Âè£ÈÉΩË¢´Â∞Å‰∫ÜÔºåÂà∞Â§ÑÈÉΩÂæàËêßÊù°ÔºåËøôÊ†∑ÁöÑÊôØÂå∫ÊÄé‰πà‰ºöË¢´ËØÑ‰∏äÊòüÁ∫ßÔºåÂÜçÁøªÁúãÊê∫Á®ãÁöÑËØÑ‰ª∑Êó©Âú®2017Âπ¥Ëøô‰∫õÈóÆÈ¢òÂ∞±Â∑≤Ë¢´ÊâπËØÑ‰∫ÜÔºåÂ∏åÊúõÊ∏∏ÂÆ¢‰ª¨ÂÜç‰∏çË¶ÅËä±ÂÜ§ÊûâÈí±‰∫Ü„ÄÇ
2021-01-06,Êú™Áü•,4,ÁéØÂ¢ÉÂæàÂ•ΩÔºåÊúâ‰∫õÁÆÄÂçïË°®ÊºîÔºåÊôö‰∏äÁöÑÁÅØÂÖâÂæà‰∏çÈîô
2018-02-28,Êú™Áü•,5,Êê∫Á®ã‰π∞Á•®Âæà‰æøÂÆúÔºåÂÖ¨Âõ≠‰∏çÂ§ß„ÄÇÁúã‰∫Ü‰∏™Ë°®ÊºîÔºåÊ°ÇÊûóÁöÑËøôÁßçË°®ÊºîÈÉΩ‰∏Ä‰∏™Â•óË∑ØÔºåÂÖàÊòØÂçñÂ≠óÁîªÔºåÂÜçÊòØË°®ÊºîÔºåÁÑ∂ÂêéÊºîÂëòÂêàÂΩ±„ÄÇ
2017-05-16,Êú™Áü•,4,Â¶ÇÊûúÊòØÊ°ÇÊûóÂ∏ÇÊ∞ëÁöÑËØùÔºåÂéªÊ∏∏Áé©ËøòË°åÔºåÊù•ÊóÖÊ∏∏ÁöÑÊÑüËßâÊÄß‰ª∑ÊØîÂÅèÈ´ò‰∫ÜÔºÅ
2016-04-13,Êú™Áü•,5,ÊÑüËßâÊôØËâ≤‰∏ÄËà¨Ôºå‰∏çËøáÈÄöËøáÊê∫Á®ãËÆ¢Á•®‰æøÂÆúÊñπ‰æøÔºåÂª∫ËÆÆÂ§ßÂÆ∂ËØï‰∏ÄËØïÔºåËøòÊúâÂ¶ÇÊûúÂáÜÂ§á‰∏§Ê±üÂõõÊπñÂ§úÊ∏∏ÁöÑÂ∞±Âà´ÂéªËøô‰∏™ÊôØÁÇπ‰∫Ü
2017-10-01,Êú™Áü•,5,Áé∞Âú∫Èó®Á•®70ÂÖÉÔºåÊê∫Á®ãÂè™Ë¶Å16ÂÖÉÔºå‰∏§Ê±üÂõõÊπñ‰∏≠ÁöÑÊú®ÈæôÊπñÔºåÊôØÂå∫ÂÜÖÊúâÊ≠åËàûË°®ÊºîÔºåÂèçÊ≠£Èó®Á•®‰æøÂÆúÔºåÂèØ‰ª•Êù•ÈÄõÈÄõ„ÄÇ
2017-11-08,Êú™Áü•,5,Âú®Êê∫Á®ã‰π∞ËøõÂéªÈùûÂ∏∏ÂàíÁÆóÔºåÂçÉ‰∏á‰∏çË¶ÅÂéªÂîÆÁ•®ÁÇπ‰π∞ÔºåÂîÆÁ•®Â§ÑÂçñ70ÔºåËøõÂéª20ÂàÜÈíüÂÖúÂÆåÔºå‰π∞Âéü‰ª∑ÈùûÂ∏∏ÁöÑÂùëÁàπ„ÄÇ
2019-01-25,Êú™Áü•,4,Ê¨£ËµèÊ≠åËàûÔºåÂ±±Ê≠åÔºåÁôªÂÆãÂüéÂ¢ôÔºåÁúãÂ•áÁü≥ÔºåËøôÈáåÊòØ‰∏çÈîôÁöÑÈÄâÊã©
2017-06-01,Êú™Áü•,5,ÊôØÂå∫‰∏çÂ§ßÔºå‰ΩÜ‰∏∫‰∫ÜÊãçÊëÑÂ§úÊôØÔºåÁ≠âËÄÅÈïøÊó∂Èó¥Ôºå‰∏çËøáËøòÊòØÂÄºÂæó
2017-05-24,Êú™Áü•,4,ÊôØËâ≤‰∏ÄËà¨ÔºåÈó®Á•®Â§™Ë¥µÔºåÂÖ•ÂÜÖÁôª‰∏äÂüéÂ¢ôÁû≠ÊúõÊºìÊ±üÊôØËâ≤ËøòË°å
2016-10-23,Êú™Áü•,5,ËøôÊòØ‰∏Ä‰∏™ÊóÖÊ∏∏ÁöÑÂüéÂ∏ÇÔºåÂ∏Ç‰∏≠ÂøÉÊòØË¢´Ê∞¥ÂåÖÂõ¥ÁöÑÂ≤õÂ±øÔºåÂæàËØóÊÉÖÁîªÊÑèÔºåËµûÔºåÊúâÊú∫‰ºöË¶ÅÂéªÁúãÁúãÔºåÊîæÊùæÂøÉÊÉÖ
2018-08-23,Êú™Áü•,4,ÊúâÂ±±ÔºåÊúâÊ∞¥ÔºåÊúâÈ±ºÔºåÊúâÊºîÂá∫ÔºåÊúâÂüéÂ¢ô„ÄÇÂÄºÂæó‰∏ÄÊ∏∏
2018-10-17,Êú™Áü•,5,Âá∫Á•®ÈÄüÂ∫¶Âø´Ôºå‰ª∑Ê†ºÂÆûÊÉ†ÔºåÂæàÂñúÊ¨¢ÁöÑÔºåÂ•ΩÔºÅÔºÅÔºÅ
2018-08-03,Êú™Áü•,5,ÊôØÁÇπËôΩÂ∞èÔºåÂèØËøòÂæàÊª°ÊÑèÔºÅ‰∏ÄËøõÊù•Â∞±Ëµ∂‰∏äË°®ÊºîÔºåÂ£ÆÊóèÂ∞èÈòøÂì•ÂæàÂ∏ÖÔºåÈòøÂ¶π‰πüÂ•ΩÁúãÔºå‰∏çÈîôÁöÑÊôØÁÇπ„ÄÇ
2016-12-11,Êú™Áü•,5,Êú®ÈæôÊπñÔºåÈ£éÊôØÁßÄ‰∏ΩÔºåË°®ÊºîËäÇÁõÆÁúã‰∫Ü‰∏§Ê¨°ÔºåÂú®Èó®Âè£È™åÁ•®ÂæàÂø´ÔºåÂæàÊª°ÊÑè„ÄÇ„ÄÇ„ÄÇ„ÄÇ„ÄÇ„ÄÇ„ÄÇ„ÄÇ„ÄÇ„ÄÇ„ÄÇ
2020-01-06,Êú™Áü•,4,Âú∞Êñπ‰∏çÂ§ßÔºåÊúÄ‰∏ªË¶ÅÊòØÁúã‰∏Ä‰∏ãÂÆã‰ª£ÂüéÂ¢ôÈÅóÂùÄ
2018-04-26,Êú™Áü•,5,Êú®ÈæôÊπñÔºåÊ°ÇÊûó‰∏§Ê±üÂõõÊπñ‰πã‰∏ÄÔºåÁéØÂ¢É‰ºòÁæé„ÄÇ
2017-09-15,Êú™Áü•,4,Â¶ÇÊûú‰∏çÊòØËµ†Á•®ÔºåÂèØ‰ª•‰∏çÂéª„ÄÇÂæàÂ∞èÁöÑÂÖ¨Âõ≠„ÄÇ
2017-04-21,Êú™Áü•,5,ÂÖ¨Âõ≠ÊØîËæÉÂ∞èÔºåÈáåÈù¢ÊúâËäÇÁõÆË°®ÊºîÔºåÊÄª‰Ωì‰∏çÈîô
2017-09-10,Êú™Áü•,5,Ë¥≠Á•®Êñπ‰æøÔºåÂÄºÂæóÂéªÁé©ÔºåÊôØËâ≤‰πüÊºÇ‰∫Æ„ÄÇ
2017-06-28,Êú™Áü•,3,Ëøò‰∏çÈîô È£éÊôØ‰∏çÈîôÔºåËøòÊå∫ÂñúÊ¨¢ÁöÑ ÂÄºÂæóÂéª
2018-07-19,Êú™Áü•,5,Êú®ÈæôÊπñÊôØËâ≤ÂæàÊ£íÔºåÈáåÈù¢ÊúâË°®ÊºîÁúã„ÄÇ
2018-03-12,Êú™Áü•,5,Êå∫Â•ΩÁöÑÔºåÂæàÈùôË∞ß„ÄÇËøô‰∏™‰ª∑ÂÄºÂæó‰∫Ü„ÄÇ
2017-10-08,Êú™Áü•,4,‰∫∫Â∞ëÔºåÈÄÇÂêàÈöè‰æøÈÄõÈÄõÔºåÊ≤°Âï•ÁâπËâ≤„ÄÇ
2017-06-30,Êú™Áü•,4,ËøôÂú∞ÊñπÁúüÁöÑÊòØÁßÄÊ∞îÔºåÁ°ÆÂÆûÊºÇ‰∫ÆÁöÑÁ¥ß
2023-03-29,Êú™Áü•,3,ÊôØÂå∫Â§ñÂèØ‰ª•ÁúãËßÅ‰∏çÈîôÁöÑÂ±±ÔºåÂçÉ‰∏áÂà´ËøõÂéªÔºåÈáåÈù¢ÂæàÂ∞èÔºåÁÖßÂº†ÂÉèÈÉΩÂõ∞ÈöæÔºå‰∏çÊé®Ëçê„ÄÇ
2023-07-14,ÂπøË•ø,5,Êúâ‰ª∑ÂÄº„ÄÅ‰∫ÜËß£Ê°ÇÊûóÂéÜÂè≤Ôºå
2017-05-12,Êú™Áü•,5,ÂÖ¨Âõ≠ÈáåÊï£Êï£Ê≠•ÂæàËàíÊúçÔºåÊúâ‰∏çÂ∞ëÁâπËâ≤ÁöÑÊôØËßÇÔºåÁâπ‰ª∑Èó®Á•®ÂæàÂàíÁÆóÔºåÂÄºÂæó‰∏ÄÂéª
2017-08-12,Êú™Áü•,3,‰∏ÄËà¨Ëà¨Âï¶ÔºåÊôØÂå∫ÂÜÖÂ§™Â∞èÔºåÊ≤°‰ªÄ‰πàÂÄºÂæóÂéªÁöÑ
2018-09-23,Êú™Áü•,5,ÁΩëÁªúËÆ¢Á•®‰ª∑‰Ωç‰∫≤Ê∞ëÔºåÈó®Âè£ÂîÆÁ•®70ÔºåËøô‰ª∑‰ΩçÂíåÊôØÁÇπ‰∏çÊàêÊ≠£ÊØî„ÄÇ
2018-02-12,Êú™Áü•,5,ÊôØÂå∫Á¥ßÈù†Âè†ÂΩ©Â±±ÔºåÂ¶ÇÊûúÂèØ‰ª•‰ªéÂè†ÂΩ©Â±±Áõ¥Êé•ËøõÂÖ•Ôºå‰ºöÊñπ‰æøÂæàÂ§ö
2017-09-26,Êú™Áü•,5,Êå∫Â•ΩÔºåÊâìÁîµËØùËÅîÁ≥ªÂ•ΩÔºåÁªô‰∫Ü‰∏™Áü≠‰ø°ÔºåÂà∞Èó®Âè£Â∞±ÂèØ‰ª•ÂèñÁ•®‰∫Ü„ÄÇ
2017-05-22,Êú™Áü•,5,ÁéØÂ¢É‰ºòÁæé„ÄÅÂ±±ÈùíÊ∞¥ÁßÄ„ÄÅÈùûÂ∏∏Á≤æËá¥ÁöÑÂ∏Ç‰∏≠ÂøÉÂõ≠Êûó„ÄÅÂÄºÂæó‰∏ÄÂéªÔºÅ
2018-01-27,Êú™Áü•,5,Êú®ÈæôÊπñÊôØËâ≤‰∏çÈîôÔºåÊúâÂ±±ÊúâÊ∞¥ÁöÑ„ÄÇËôΩÁÑ∂‰∏çÂ§ßÔºå‰ΩÜÂÄºÂæó‰∏ÄÁé©ÔºÅ
2017-04-30,Êú™Áü•,5,ÂÖ¨Âõ≠ÈáåËøòÊúâÊ≠åËàûÊºîÂá∫ÔºåÊùÄÊäÄÊºîÂá∫ÔºåÊ∏∏ËàπÂèØ‰πò„ÄÇÂÄºÂæó‰∏ÄÂéª
2024-02-28,Âπø‰∏ú,3,Ê°ÇÊûóÊú®ÈæôÊπñÊôØÁÇπÁöÑÈù¢ÁßØÊØîËæÉÂ∞èÔºåËÄå‰∏îÊôØÁÇπÂÜÖÂÆπÂçï‰∏ÄÔºåÈÉ®ÂàÜÂú∞ÊñπËøòÂú®Âª∫ËÆæÔºåÂπ∂Ê≤°ÊúâÂºÄÊîæÔºåÂõ†Ê≠§ÊÑüËßâÈó®Á•®‰ª∑Ê†ºÁï•Ë¥µÔºÅÊúüÂæÖÊú™Êù•Êú®ÈæôÊπñÊúâÊõ¥Â•ΩÁöÑÊúçÂä°ÔºÅ
2018-04-14,Êú™Áü•,5,Êê∫Á®ãÁΩë‰∏äË¥≠Á•®ÁªèÊµéÂÆûÊÉ†ÔºåÂèñÁ•®Âø´ÈÄüÔºÅÈùûÂ∏∏Êª°ÊÑèÔºÅÔºÅÔºÅ
2018-02-08,Êú™Áü•,3,ÈÄÅÁöÑÈó®Á•® ÂèØ‰ª•ËõÆÂéª ÂÖ∂ÂÆûÊôØÁÇπÂπ∂‰∏çÊÄé‰πàÊ†∑ ÊîæÂú®ÂπøË•øÊù•ËØ¥
2017-07-18,Êú™Áü•,5,Âª∫ËÆÆÊôö‰∏äÂéªÔºåÁúãÁúãÂ§úÊôØÔºåÂê¨Âê¨Ê°ÇÂâßÔºå‰ºëÈó≤Êï£Ê≠•Ëøò‰∏çÈîô
2017-07-01,Êú™Áü•,5,Êç¢‰∫Ü‰∏ÄÂåÖÊ°ÇËä±Á≥ñÔºåÊå∫Â•ΩÁöÑ„ÄÇÂ¶ÇÊûú‰π∞Ë¶Å10ÂùóÈí±‰∏ÄÂåÖ
2016-01-04,Êú™Áü•,3,È£éÊôØ‰ºòÁæéÔºåÁéØÂ¢ÉÂÆâÈùôÔºå‰ºëÈó≤ÁöÑÂ•ΩÂú∞ÊñπÔºåÂÄºÂæóËµ∞‰∏ÄËµ∞
2018-09-17,Êú™Áü•,3,‰π∞Ë±°ÈºªÂ±±ÂÖ¨Âõ≠ÈÄÅÁöÑÈó®Á•® Èó≤Èó≤ÁöÑÂÄíÊòØÂèØ‰ª•ËõÆÂéªÈÄõÈÄõ
2017-11-03,Êú™Áü•,3,‰∏çÊòéÁôΩ‰∏∫‰ªÄ‰πàË¶ÅÊî∂Ë¥πÔºåÈáåÈù¢Êúâ‰∏™‰∏ç‰º¶‰∏çÁ±ªÁöÑË°®Êºî
2017-10-24,Êú™Áü•,5,Âæà‰∏çÈîôÁöÑÂú∞ÊñπÔºåÂÄºÂæó‰∏ÄÂéªÔºåÂ∞±ÊòØËÄÅÂπ¥‰∫∫Ë¶ÅË¶ÅÈó®Á•®
2017-07-17,Êú™Áü•,5,ÊôØËâ≤Áõ∏ÂΩìÂ•ΩÔºåÂØºÊºîÊúâ‰∫≤ÂíåÂäõ„ÄÇÊ∏∏Áé©ÁöÑËÆæÊñΩÂæàÂ§ö„ÄÇ
2021-03-26,Êú™Áü•,5,ÊÄß‰ª∑ÊØîÈ´òÔºåÊÄª‰ΩìË∂ÖËµûÔºåÊôØËâ≤‰∏çÈîôÔºåÊúâË∂£Â•ΩÁé©Ôºå
2018-08-03,Êú™Áü•,5,ÈáåÈù¢ÊôØËâ≤Âæà‰∏çÈîôÔºåÂÖ≥ÈîÆÂèØ‰ª•ÁúãË°®ÊºîÔºåÁ•®‰ª∑‰æøÂÆú
2018-03-20,Êú™Áü•,5,Âæà‰∏çÈîôÁöÑ‰∏ÄÊ¨°ÊóÖË°å„ÄÇÁé©ÂæóÂæàÂºÄÂøÉ„ÄÇ„ÄÇË∞¢Ë∞¢‰Ω†‰ª¨
2017-11-30,Êú™Áü•,4,Âá∫Á•®ÂæàÂø´ ‰∏Ä‰∏™Áü≠‰ø°Â∞±ÊêûÂÆö Ëøò‰∏çÈîô Â∞±ÊòØÊôØÁÇπÈó®Âè£ÁöÑÂÅúËΩ¶ÊúâÁÇπÈú∏Áéã‰∫Ü ÊòéÊòéÂÜôÁùÄ‰ª∑Ê†ºÂç¥‰∏éÂÆûÈôÖ‰∏çÁ¨¶
2017-06-19,Êú™Áü•,5,Êê∫Á®ãÁΩëÁöÑÊ¥ªÂä®ÔºåÂú®ÂèñÁ•®ÁöÑÊó∂ÂÄôËä±‰∏ÄÂÖÉÂÖëÊç¢ÁöÑ„ÄÇ
2017-05-31,Êú™Áü•,3,Êú®ÈæôÊπñÊôØÁÇπ‰∏çÂ§öÔºå‰∏ªË¶ÅËÉΩÁúãÁöÑ‰πüÂ∞±ÊòØ‰∏ÄÂ∫ßÂ°îÔºÅ
2017-04-15,Êú™Áü•,5,Êê∫Á®ãÁΩëÁªôÊàë‰ª¨Â∏¶Êù•ÂæàÂ§ö‰æøÂà©ÔºåË¥≠Á•®ÁªèÊµéÂÆûÊÉ†ÔºÅ
2016-06-14,Êú™Áü•,1,Ê≤°Êúâ‰ªª‰ΩïÁúãÁÇπÔºåËØ¥ÁôΩ‰∫Ü‰∏ãÊ¨°ÂÖçË¥π‰πü‰∏ç‰ºöÂéªÔºåÊ≤°Êúâ‰ªª‰ΩïÁúãÁÇπÔºåË°®Êºî‰πüÁõ∏ÂΩìÁöÑÂ∑ÆÂä≤ÔºåÂïÜ‰∏öÂåñ‰∏•Èáç
2017-12-05,Êú™Áü•,5,Ëøô‰∏™ÈùûÂ∏∏Â•ΩÔºåÈáåÈù¢ËøòÊúâË°®ÊºîÔºåÂÄºÂæóÂéªÁúã‰∏ÄÂìà
2017-10-24,Êú™Áü•,5,Âæà‰∏çÈîôÁöÑÂì¶ÔºåÁ•®‰ª∑ÈùûÂ∏∏‰æøÂÆúÔºåÂÄºÂæóÁé©ÁöÑÂú∞Êñπ
2017-08-18,Êú™Áü•,5,‰∏ãÂ§ßÈõ®ÂéªÁöÑÔºåÊôØÂæàÂ•Ω„ÄÇËøòÊúâË°®ÊºîÊÄª‰πãÂæàÊª°ÊÑè
2017-06-07,Êú™Áü•,5,Êê∫Á®ãÊâ´Á†ÅÊ∏∏Â•ΩÁâõÂèâÔºÅÔºÅÔºÅÊâ´Á†ÅÊâæÂ≠¶ÁîüÊó∂‰ª£„ÄÇ
2017-04-17,Êú™Áü•,5,Â§úËâ≤ÂæàÁæéÔºåÂæàÈÄÇÂêàÊãçÁÖßÔºåÈáåÈù¢ËøòÊúâÂæàÂ§öË°®Êºî
2020-10-23,Êú™Áü•,5,Êú®ÈæôÊπñÊôØÂå∫ÊòØÊ°ÇÊûóÂ∏ÇÂ∏Ç‰∏≠ÂøÉÁöÑÊôØÁÇπ‰πã‰∏ÄÔºå
2017-12-20,Êú™Áü•,5,‰∏çÊòØÊàëÂéªÔºå‰∏çÁü•ÈÅìÊÄé‰πàÊ†∑ÔºåÂ∫îËØ•‰∏çÈîôÂêß„ÄÇ
2017-07-01,Êú™Áü•,4,‰∏çÈîôÁöÑ‰∏ÄÊ¨°Ê∏∏Áé©ÔºåÂºÄÂøÉÔºåÂ§ßÂÆ∂‰∏ÄËµ∑ÂéªÁöÑ„ÄÇ
2018-10-02,Êú™Áü•,5,ËøòÂ•ΩÂêß Â∞±ÊòØÂú∞ÊñπÂ∞è‰∫ÜÁÇπ Â∞±‰∏Ä‰∏™Â°î ‰∏ÄÂ∫ßÊ°•
2018-06-01,Êú™Áü•,5,ÈùûÂ∏∏Â•ΩÔºåÊúçÂä°ÊÄÅÂ∫¶Â•ΩÔºåÈÄî‰∏≠Ë¥≠Áâ©Ê≤°Êúâ„ÄÇ
2017-12-29,Êú™Áü•,5,ÊôØËâ≤‰∏ÄËà¨Ôºå‰∫∫ÊØîËæÉÂ∞ëÔºåÂèØËÉΩÊòØÂ≠£ËäÇÂéüÂõ†
2017-11-05,Êú™Áü•,5,Ëøò‰∏çÈîôÁöÑ‰∏Ä‰∏™ÈÄâÊã©Ôºå‰π∞ÂæóÂà∞Ë∂ÖÁ∫ßÂºÄÂøÉÂë¢
2017-09-03,Êú™Áü•,5,‚òû^O^‚òúÊóÖÊ∏∏Â∞±ÊòØÁ¥ØÔºåËÖøÈÉΩÂø´Ëµ∞Êñ≠‰∫Ü
2017-06-29,Êú™Áü•,5,Â§™ÂÄº‰∫Ü‚Ä¶‚Ä¶ÂÄºÂæóÊ≥®ÊÑèÁöÑÊòØËøôÊòØ‰∏ÄÂåÖÁ≥ñ„ÄÇ
2017-04-29,Êú™Áü•,5,ÂæàÈ´òÂÖ¥ÁöÑÊóÖË°åÔºÅÊê∫Á®ãÁΩëÊóÖË°åÈùûÂ∏∏Êñπ‰æøÔºÅ
2018-10-21,Êú™Áü•,5,ÂæàÂ•ΩÁöÑ‰ΩìÈ™åÔºåÈùûÂ∏∏Êª°ÊÑèÔºåÊù•Ê°ÇÊûóÊØîÂ§á
2017-12-27,Êú™Áü•,5,‰∏çÈîôÔºåÊúâÂè§ËÄÅÁöÑÂüéÂ¢ôÔºåÂè†ÂΩ©Â±±‰∏ãÊó¢ÊòØ
2017-11-06,Êú™Áü•,5,ÁΩë‰∏äÈ¢ÑËÆ¢Â§™Êñπ‰æø‰∫ÜÔºÅÁé©ÁöÑ‰πüÂæàÂºÄÂøÉÔºÅ
2017-10-12,Êú™Áü•,5,Âá∫‰πéÊÑèÊñôÁöÑÂ•ΩÔºåÂº∫ÁÉàÊé®Ëçê„ÄÇ„ÄÇ„ÄÇ„ÄÇ„ÄÇ
2017-09-14,Êú™Áü•,5,Á¨¨‰∏ÄÊ¨°Âà∞Ê°ÇÊûóÔºåÊ≠§Ë¥≠Á•®‰ºòÊÉ†ÔºåÂÆûÊÉ†„ÄÇ
2017-09-12,Êú™Áü•,4,ËøòÂèØ‰ª•ÂêßÔºåÈÉΩÊòØÂ±±Ê∞¥Â±ÖÂ§öÔºåÊúâ‰∏™Ë°®ÊºîÔºåÈáåÈù¢‰∏çÂ§ßÔºåËøòÂ•ΩÊòØÂú®Êê∫Á®ãËÆ¢Á•®Ôºå‰∏çÁÑ∂Â∞±Âæà‰∫è
2017-03-18,Êú™Áü•,5,È™åÁ•®ÂæàÂø´ÔºåÊôö‰∏äÂéªÁÅØÂÖâÁæéÊôØÈùûÂ∏∏ÊºÇ‰∫Æ
2021-03-26,Êú™Áü•,5,ÊÄª‰ΩìË∂ÖËµûÔºå
2019-02-01,Êú™Áü•,5,Âá≠ÂïÜÂÆ∂Áü≠‰ø°Âø´ÈÄüÂèñÁ•®ÔºåÊå∫Êñπ‰æøÁöÑ„ÄÇ
2019-01-24,Êú™Áü•,5,ÈùûÂ∏∏Â•ΩÔºåÂ•ΩÂÆûÊÉ†Ôºå‰ºöÊé®ËçêÁªôÊúãÂèã„ÄÇ
2019-01-09,Êú™Áü•,5,***
2018-10-03,Êú™Áü•,5,***Âø´Ôºå‰ºòÊÉ†ËøòÂèØ‰ª•Ôºå‰∏çÈîô„ÄÇ
2018-07-05,Êú™Áü•,5,‰ª∑Ê†ºÂæàÂÆûÊÉ†ÔºåËøòÂ•Ω‰∫ÜÔºåÁéØÂ¢É‰∏çÈîôÁöÑ
2018-04-10,Êú™Áü•,5,Êå∫Â•ΩÁöÑÔºåÈ£éÊôØÈùûÂ∏∏‰ºòÁæéÔºåÁ©∫Ê∞îÊ∏ÖÊñ∞
2018-03-18,Êú™Áü•,5,Êù•Ëøô‰πà‰πÖ‰∫ÜÁ¨¨‰∏ÄÊ¨°Âá∫Êù•Áé©ÊÑüËßâ‰∏ÄËà¨
2018-02-17,Êú™Áü•,5,***
2017-07-30,Êú™Áü•,5,Êú®ÈæôÊπñÁöÑÂ§úÊôØÁ°ÆÂÆûÂæàÊºÇ‰∫ÆÔºåË∂ÖÂÄºÔºÅ
2017-06-27,Êú™Áü•,5,Ê£íÊ£íÂìíÂìíÂìíÂìíÂìíÂìíÂìíÂìíÂìíÂìíÊ£íÊ£íÔºÅ
2017-06-26,Êú™Áü•,5,‰∏Ä‰∏™Â∞èÂ∞èÁöÑÊ¥ªÂä® ‰∏çÈîô‰∏çÈîô‰∏çÈîôÔΩû
2017-04-18,Êú™Áü•,5,Âõ¢ÈòüÂá∫Ê∏∏ÔºåÂ§ßÂÆ∂ÈÉΩÂºÄÂøÉÔºÅÂêºÂêºÂêºÔºÅ
2023-07-01,ÂêâÊûó,5,ÊôØËâ≤ÂÆú‰∫∫ÔºÅ‰∏çÈîôÊôØÂå∫ÔºåÂèØ‰ª•‰∏ÄÂéª
2019-04-22,Êú™Áü•,3,ÈÄÅÁöÑÁ•® ÂéªËõÆÂéª ËøòÁúüÊ≤°‰ªÄ‰πàÂ•ΩÁúãÁöÑ
2018-03-24,Êú™Áü•,4,‰∏çÂ§™Â§ß ÈáåÈù¢Ë°®ÊºîÁúãÁúãÂèØ‰ª• ÂÖ∂‰ªñÁöÑÂ∞±ÊòØÊ∏∏ËßàÊ∏∏ËßàÈ£éÊôØ‰∫Ü ÈáåÈù¢ËøòÊúâÈ•≠Â∫ó ‰∏çËøáÊ≤°ÂéªÂêÉ
2018-02-12,Êú™Áü•,5,ËøòË°åÂêß Âè™ÊòØÊºîÂá∫ÈîôËøá‰∫Ü ÊúâÁÇπÈÅóÊÜæ
2017-10-03,Êú™Áü•,4,Ëøò‰∏çÈîô ÈÄÇÂêàÊÖ¢ÊÖ¢Áé©ÔºåË°®ÊºîÂæà‰∏ÄËà¨
2018-10-08,Êú™Áü•,4,Ê°ÇÊûóÂºèÂÖ¨Âõ≠ÔºåÂèØ‰ª•‰Ωú‰∏∫ÂàùÊúü‰∫ÜËß£Ê°ÇÊûóÁöÑÂéªÂ§ÑÔºåÊúÄÈáçË¶ÅÁöÑËøòÊòØÈò≥ÊúîÂíåÈæôËÉúÈ£éÊôØ
2018-06-03,Êú™Áü•,4,ÂÖ¨Âõ≠ÁéØÂ¢É‰∏çÈîôÔºåÊúâÂ±±ÊúâÊ∞¥ÔºåÊúâÂÆã‰ª£Âè§ÂüéÂ¢ôÈÅóÂùÄÔºåÂÖ≥ÂÅ•ÊòØÁΩë‰∏äËÆ¢ÁöÑÁ•®‰ª∑‰æøÂÆú„ÄÇ
2021-11-19,Êú™Áü•,5,ÈùûÂ∏∏Â•ΩÁöÑÂú∞ÊñπÔºåÂÄºÂæó‰ºòÈÄâÔºÅ
2021-05-01,Êú™Áü•,5,Êúâ‰∏™ÂçñÁèçÁè†È°πÈìæÁöÑÊÄÅÂ∫¶‰∏çÂ•Ω
2018-08-26,Êú™Áü•,2,Êê∫Á®ãÂÆö‰∫ÜÈó®Á•®Âà∞ÊôØÂå∫Ë∑üÊàëËÆ≤ÊöÇÊó∂Áî®‰∏ç‰∫ÜÔºåË¶ÅÁ≠âÂçäÂ∞èÊó∂‰ª•ÂêéÊâçËÉΩÁî®„ÄÇËøòËØ¥Â¶ÇÊûúÂΩìÂú∫‰π∞Á•®ÂΩìÂú∫Â∞±ËÉΩÂéª„ÄÇ‰ΩÜÊòØÂΩìÂú∫‰π∞Á•®Èó®Á•®ÊòØÊê∫Á®ãÁöÑ‰∏§ÂÄçÂ§öÔºÅËÄå‰∏îÂ≠¶ÁîüËØÅËøò‰∏çÂ•Ω‰ΩøÔºÅÊôØÂå∫ÁöÑÂ∑•‰Ωú‰∫∫ÂëòÂÖÖÂàÜ‰ΩìÁé∞‰∫ÜÊ°ÇÊûóÊóÖÊ∏∏ÁöÑÁâπËâ≤ÔºåÊÄÅÂ∫¶ÊûÅÂÖ∂‰∏çÂ•ΩÔºåÊú¨ÁùÄ‰Ω†‰∏çÊù•ËøòÊúâÂà´‰∫∫Êù•ÁöÑÊÉ≥Ê≥ïÔºå‰∏ÄÁîüÂÅö‰∏ÄÊ¨°ÁîüÊÑèËÉΩÂùëÂ∞±ÂùëÔºü
2022-02-26,Êú™Áü•,5,ÂæàÊºÇ‰∫ÆÔºåÊ±üÂçóÈ£éÊôØ„ÄÇ
2024-09-18,ÊµôÊ±ü,5,Â±±ÈùíÊ∞¥ÁßÄÔºåÂæàÂ•ΩÔºÅ
2023-08-19,ÂπøË•ø,5,‰∏çÈîô‰∏çÈîô‰∏çÈîô‰∏çÈîô
2020-11-21,Êú™Áü•,4,È£éÊÉÖ‰∏çÈîôÔºå‰ª∑Ê†ºË¥µ‰∫ÜÁÇπÔºåÊó∂Èó¥Â§ö‰∫ÜÂéªÊôÉÊôÉ
2024-05-05,‰∏äÊµ∑,4,‰∏Ä‰∏™Â§ßÂÖ¨Âõ≠ ÊôØÂå∫ÊúâÂÖçË¥πÊºîÂá∫ ÂÖ∂ÂÆÉÂ∞±Ê≤°Âï•ÁâπÂà´ÁöÑ‰∫Ü ÊúâÊó∂Èó¥Â∞±ÂéªÂêß
2023-08-15,ÂπøË•ø,5,‰∏ÄËà¨Ôºå‰∏çÊé®Ëçê
2017-11-17,Êú™Áü•,4,ÊôØÂå∫ÂÜÖÊúâÂüéÂ¢ôÊØîËæÉÊúâÁâπËâ≤ÔºåÂè™ÊòØÊóÖË°åÂõ¢ÂæàÂ§öÔºå‰∏çÂ§™ÂÆâÈùô„ÄÇÔºå
2024-04-19,ÂπøË•ø,5,ÊôØÁÇπÂæàÂ•ΩÔºÅ
2022-11-14,ÂπøË•ø,5,ËøòÂèØ‰ª•Âêß„ÄÇ
2022-05-12,Êú™Áü•,5,ÊôØÂå∫Ëøò‰∏çÈîô
2018-10-03,Êú™Áü•,4,ÈáåÈù¢Â∞èÊôØÁÇπÊå∫Â§öÁöÑÔºåÊúâÂÆãÂüéÂ¢ôÔºåÊú®ÈæôÂ°îÔºåËøòÊúâË°®ÊºîÁ≠â„ÄÇ
2018-02-25,Êú™Áü•,4,ÊôØËâ≤ÂæàÊ£íÔºåË°®ÊºîÂ§™‰π°Âúü‰∫ÜÔºåÈü≥ÂìçÈü≥ÈáèÂ§™Â§™Â§™Â§™Â§™Â§ß
2017-08-08,Êú™Áü•,4,Ëøò‰∏çÈîôÔºåÂÄºÂæóÊ∏∏Áé©ÔºåÁ•®‰ª∑‰∏çË¥µÔºå‰ΩÜÊòØÊ≤°ÊúâÁà¨Â±±ÊåáÂØº
2017-04-20,Êú™Áü•,3,‰∏∫‰ªÄ‰πàÂÆâÊéíÊ≥∞ÂõΩ‰∫∫Â¶ñË°®Êºî ÊääÊï¥‰∏™ÊôØÂå∫ÁöÑÂìÅ‰ΩçÈÉΩÊãâ‰Ωé‰∫Ü Â∑•‰Ωú‰∫∫ÂëòËá™Áß∞ÂõõAÊôØÂå∫ ‰ΩÜÊ≤°ÊúâÁâåÂ≠ê‰∏∫‰ªÄ‰πà
2017-08-19,Êú™Áü•,4,‰∏çÈîôÔºåÂ∞±ÊòØÂΩìÂ§©Èò¥Â§©ÔºåÊãçÁÖßÊïàÊûúÂ∑Æ‰∫Ü‰∏ÄÁÇπ„ÄÇ
2017-08-08,Êú™Áü•,4,Âæà‰∏çÈîôÔºåÂπ≤ÂáÄËàíÈÄÇÔºåÂ§úÊôØÂæàÁæéÔºå‰ΩÜÊπñÊØîËæÉÂ∞è
2020-08-29,Êú™Áü•,3,ÂæàÂ∞èÁöÑÊôØÂå∫ ÂÖú‰∏ÄÂúàÂçäÂ∞èÊó∂Ê≤°‰∫ãÊÉÖÂèØ‰ª•ÂéªÁúãÁúã ÂÅúËΩ¶10ÂÖÉÊó†ÂèëÁ•®ÂèØÁé©ÊÄß‰ΩéÔºåÊÄß‰ª∑ÊØî‰ΩéÔºå
2017-12-22,Êú™Áü•,4,ÊúâÂè§ÂüéÂÆãÈüµÔºåÊ∏ÖÂπΩÈùôË∞ßÔºåÈÄÇÂêàÊº´Ê≠•‰ºëÈó≤
2017-12-13,Êú™Áü•,4,ÊÑüËßâ ‰∏ÄËà¨Ëà¨ÔºåËøô‰∏™ÊôØÁÇπ‰∏çÊÄé‰πàÂ•ΩÁé©„ÄÇ
2017-11-27,Êú™Áü•,4,ÂÖ≥Á≥ª‰∏çË°åÊç¢Â±ä**Â§ßÁôΩÈ≤®ÂòªÂìàÊâãÊú∫Ëøò
2020-09-16,Êú™Áü•,4,È£éÊôØÊå∫‰∏çÈîôÔºå‰ΩÜÊòØÁñ´ÊÉÖÂºÄÊîæÁöÑ‰∏çÂ§ö
2018-02-21,Êú™Áü•,4,ÈÇ£ÈáåÁöÑÈó®Á•®ÂêàÁêÜÔºåÊÄª‰ΩìËøòÂèØ‰ª•‰∫Ü„ÄÇ
2018-01-30,Êú™Áü•,4,Êúâ‰∫≠Â≠êÔºåÊúâË°®ÊºîÁúãÔºåËøòÂèØ‰ª•Áà¨Â±±„ÄÇ
2018-02-02,Êú™Áü•,3,Ê°ÇÊûóÂõõÊπñ‰∏≠ÁöÑ‰∫∫Â∑•ÊπñÔºåÊ≤øÊπñËæπÂá†Â∫ß‰ªøÂÆãÂª∫Á≠ëÔºåÂÖ¨Âõ≠ÂæàÂ∞èÔºåÊúâÂ∞ëÊï∞Ê∞ëÊóèÊºîÂá∫„ÄÇ
2018-10-08,Êú™Áü•,3,Ê≤°Êúâ‰ªÄ‰πàÊ∏∏Áé©ÂÜÖÂÆπÔºåÂ•ΩÂ∞èÁöÑ‰∏Ä‰∏™Âú∞ÊñπÔºåËäÇÁõÆË°®Êºî‰πüÈùûÂ∏∏Áü≠Ôºå‰∏çÂ•ΩÁúã
2018-03-01,Êú™Áü•,4,ÈùûÂ∏∏‰æøÂÆú ‰∏çÈîôÁöÑÈÄâÊã©
2017-05-30,Êú™Áü•,3,ÊØîËæÉ‰∏ÄËà¨ÔºåÂÖ∂ÂÆûÂ∞±ÊòØ‰∏™ÂÖ¨Âõ≠ÔºåÈô§‰∫ÜÂÆãÂüéÂ¢ôÔºåÂÖ∂‰ªñÊ≤°ÊúâÁã¨ÁâπÁöÑ„ÄÇ
2018-08-16,Êú™Áü•,3,Èöè‰æøËµ∞Ëµ∞ÁúãÁúãÂèØ‰ª•ÔºåÊê∫Á®ã‰∏äÊâìÊäòÁ•®16Ôºå‰πüÂ∞±ÂÄºËøô‰∏™‰ª∑Ê†º„ÄÇ
2019-02-19,Êú™Áü•,3,Â•ΩË±°ÊòØÊèêÂâç‰∏ÄÂ∞èÊó∂‰π∞Á•®Ôºå‰∏çÁÑ∂Â∞±Ë¶ÅÁ≠â‰∏Ä‰∏™Â∞èÊó∂ÊâçËÉΩËøõÂéª
2018-11-30,Êú™Áü•,3,ÂèñÁ•®ÊúâÁÇπÈ∫ªÁÉ¶ÔºåÂª∫ËÆÆÁÆÄÂåñÁ®ãÂ∫èÔºå‰ª•ÂÖçËÄΩËØØÊóÖÂÆ¢Êó∂Èó¥„ÄÇ
2018-05-02,Êú™Áü•,3,‰∏ÄËà¨ÂêßÔºåÂèØËÉΩÊòØ‰πòËàπÁöÑÂú∞Êñπ„ÄÇÈáåÈù¢ÂèØÁúãÁöÑÊôØ‰∏çÂ§ö
2017-08-08,Êú™Áü•,3,ËøòÂèØ‰ª•ÂêßÔºÅ‰∏çËøáÊú®ÈæôÊπñ‰∏çÂ§ßÔºå‰∏çËÉΩÁôªÂ°îÊúâÁÇπÈÅóÊÜæ
2021-05-08,Êú™Áü•,3,ÊôØËâ≤‰∏ÄËà¨ÔºåÂèØÁé©ÊÄß‰ΩéÔºåÊÄß‰ª∑ÊØî‰ΩéÔºåÊúâÂæÖÊîπËøõÔºå
2018-11-05,Êú™Áü•,1,"ÊôØÁÇπÊòØÂè¶‰∏ÄÂõû‰∫ãÔºåÁªùÂØπ‰∏çÊòØÊôØÁÇπÂ∑ÆÔºå‰∏ªË¶ÅÊòØÁ•®Âä°ÔºåÊâìÁîµËØùËøáÂéªÂçäÂ§©‰∏çËØ¥ËØùÔºåÁ¨¨‰∏ÄÊ¨°ÁîµËØùÁà±Êê≠‰∏çÁêÜÔºåÁ¨¨‰∫åÊ¨°Â∞±ÊòæÁ§∫‰∏çËÄêÁÉ¶ÔºåËøòÂè´ÈÄÄÁ•®ÔºåÂèà‰∏çËÉΩÈÄÄÁ•®ÔºåÂ•ΩÁÅ´,,‘æ^‘æ,,‰∏Ä‰ºöÂèàÊç¢Âà´‰∫∫ÊâìÁîµËØùÔºåËØ¥ËøòË¶ÅÂæà‰πÖÔºåÁ¨¨‰∏âÊ¨°Êç¢‰∫∫ÔºåÊÄªÁÆóÊòØËØ≠Ê∞îÂ•ΩÁÇπÔºå‰æøÂÆúÊúâ‰ªÄ‰πàÁî®ÔºåÊµ™Ë¥πÈ°æÂÆ¢Êó∂Èó¥ÔºåËÆ©‰∫∫‰∏ÄÊó©Ëé´Âêç‰∏ÄËÇöÂ≠êÊ∞îÔºåÈöæÈÅìËøôÂ∞±ÊòØÊê∫Á®ãÁöÑÁ•®Âä°ÊúçÂä°‰πàÔºüÈùûÂ∏∏‰∏çÂ•ΩÁöÑ‰ΩìÈ™å‚Ä¶‚Ä¶Á≠â‰∫ÜÂçä‰∏™Â∞èÊó∂Á•®ÊâçÁºìÁºìËÄåÊù•ÔºåÁÑ∂ÂêéËøòÊòØ‰∏Ä‰∏™Á¨¨‰∏ÄÊ¨°ÈÄÅÁ•®ÁöÑ‰∫∫ÔºåÁÆÄÁõ¥ÈÜâ‰∫Ü(‚Ä∫¬¥œâ`‚Äπ )‰ª•ÂêéËÆ¢Á•®Ë¥™‰æøÂÆúÊòØÊ≤°ÊúâÁî®ÁöÑ(>Ôπè<)‰∏çÂ¶ÇÁõ¥Êé•Âú®ÊôØÂå∫Á™óÂè£È¢ÑËÆ¢ÂèØ‰ª•ÂèñÁ•®ÁöÑ"
2018-02-02,Êú™Áü•,3,ÊπñÂæàÂ∞èÔºåÊ≤øÊπñÂá†Â∫ß‰ªøÂÆãÂª∫Á≠ëÔºå‰∏çÊé®ËçêÂèÇËßÇÔºÅ
2017-09-18,Êú™Áü•,3,È£éÊôØÂíåË°®ÊºîÂ∞öÂèØÔºÅÂÖëÁ•®‰∫∫ÂëòÊûÅ‰∏çË¥üË¥£ÔºÅÔºå
2017-05-31,Êú™Áü•,3,ÂÖ¨Âõ≠‰∏çÂ§ßÔºåÂéªÁöÑÊó∂ÂÄôËµ∂‰∏äÊºîÂá∫ÔºåÊôØËâ≤‰∏çÈîô
2023-09-22,ÂπøË•ø,1,‰∏çÊòØÊàë‰ª¨‰∏çÂ∞äÈáçËÄÅ‰∫∫ÔºåÊòØÂùè‰∫∫ÂèòËÄÅ‰∫ÜÔºå‰∏çÁü•ÈÅì‰∏∫‰ªÄ‰πàËøô‰πàÁæéÁöÑÊôØÂå∫ÔºåÊúâËøô‰πàÁ¥†Ë¥®‰Ωé‰∏ãÁöÑÁÆ°ÁêÜ‰∫∫ÂëòÔºåÊù•‰∏ÄÊ¨°Ê∞∏Ëøú‰∏çÊÉ≥Êù•Á¨¨‰∫åÊ¨°ÁöÑÂú∞Êñπ
2017-08-20,Êú™Áü•,3,Âõ≠Â≠ê‰∏çÂ§ßÔºåÁôΩÂ§©ÊôØËâ≤‰∏ÄËà¨ÔºåÂ§úÊôöÊºÇ‰∫ÆÔºÅ
2018-02-05,Êú™Áü•,3,ÂÖ¨Âõ≠Èó®Âè£ÁöÑÂèñÁ•®ÂëòÊûÅÂ∑Æ ÂæÆÁ¨ëËÑ∏ÈÄÅÁªôÂ•π
2019-04-12,Êú™Áü•,3,ÊÑüËßâÊÄß‰ª∑ÊØî‰∏çÈ´òÔºåÊ≤°Êúâ‰ªÄ‰πàÊôØÁÇπ„ÄÇ
2018-09-24,Êú™Áü•,3,ÊÑüËßâ‰∏çÂÄºÂæóÊî∂Èó®Á•®ÔºåÈáåÈù¢Ê≤°ÊúâÊôØÁÇπ
2017-11-12,Êú™Áü•,3,ÂèØ‰ª•ÁúãÁúãÔºÅÁéØÂ¢ÉÂèØ‰ª•ÔºåÊúâÂ±±ÊúâÊ∞¥ÔºÅ
2021-11-22,Êú™Áü•,3,‰∏§Ê±üÂõõÊπñ‰ºöÁªèËøá‰∏çÁî®ÁâπÂú∞Âéª
2024-02-16,ÂπøË•ø,1,ËøôÊòØÊâÄÊúâÂéªËøáÁöÑÊôØÁÇπ‰∏≠ÔºåÊúÄÂ∑ÆÊúÄÂ∑ÆÊúÄÂ∑ÆÁöÑÔºåÊúÄÂùëÊúÄÂùëÊúÄÂùëÁöÑÔºåÊ≤°Êúâ‰πã‰∏Ä„ÄÇ‰∏Ä‰∏™Á†¥ÁÉÇÁöÑÂ∞èÂÖ¨Âõ≠ÔºåÂç´ÁîüÈÉΩÊ≤°Âï•‰∫∫ÊâìÊâ´ÔºåËøôÊå°ÁùÄÔºåÈÇ£Âõ¥ÁùÄÁöÑËøá‰∏çÂéª„ÄÇÊï¥‰∏™ÂÖ¨Âõ≠‰∏ÄÂÖ±Â∞±‰∏â‰∏™ÊôØÁÇπ„ÄÇ‰∏Ä‰∏™Êú®ÈæôÂ°îÔºå‰∏ä‰∏çÂéªÔºå‰∏Ä‰∏™Âè§ÂüéÂ¢ôÔºåÊª°Âú∞ËêΩÂè∂ÔºåÂ∞±‰∏ÄÁÇπÁÇπÔºåËøòÊúâ‰∏™Âè∂Êå∫Â∞ÜÂÜõÂõöÁ¶ÅÂ§ÑÔºåÊå°ÁùÄÂë¢„ÄÇÂ∞±ËøôÊôØÁÇπÔºåËøòÊ≤°ÊúâÊ≤øÁùÄÊºìÊ±üÊ≠•ÈÅìÁúãÁöÑÈ£éÊôØÂ•Ω„ÄÇÊ≠£Â∏∏ÈÄüÂ∫¶ÔºåÂçÅ‰∫îÂàÜÈíüÂ∞±ËÉΩÂõ¥ÁùÄÂÖ¨Âõ≠ËΩ¨‰∏ÄÂúà‰∫Ü„ÄÇÂ∞±ËøôÁ†¥ÁÉÇÊôØÂå∫ÔºåÈó®Á•®55ÔºåÊê∫Á®ã40„ÄÇÂ∑®ÂùëÔºåÂ§©ÂùëÔºåÊ≤°ËßÅËøáËøô‰πàÂùëÁöÑ„ÄÇËä¶Á¨õÂ≤©Êê∫Á®ã75Ôºå‰∏ÉÊòüÂ≤©+‰∏ÉÊòüÂÖ¨Âõ≠Êê∫Á®ã70ÔºåËøô‰∏ÄÂØπÊØîÂ∞±Áü•ÈÅìÂ§öÂùë‰∫Ü„ÄÇÂ∞±ËøôÂÖ¨Âõ≠ÔºåÂçÅÂùóÈí±Èó®Á•®ÈÉΩ‰∏çÂÄº„ÄÇÊÄª‰πã‰∏ÄÂè•ËØùÔºåÂçÉ‰∏á‰∏çË¶ÅËøõÔºåÂçÉ‰∏á‰∏çË¶ÅËøõÔºåÂçÉ‰∏á‰∏çË¶ÅËøõÔºåÂçÉ‰∏á‰∏çË¶ÅËøõÔºåÂçÉ‰∏á‰∏çË¶ÅËøõ„ÄÇ
2023-07-22,ÂπøË•ø,3,‰∏ÄËà¨Ëà¨Ôºå‰∏çÂÄºËøô‰∏™‰ª∑„ÄÇ
2021-05-08,Êú™Áü•,3,‰∏çÂÄºÂæóÔºåÈó®Á•®Â§™Ë¥µ‰∫Ü„ÄÇ
2021-07-11,Êú™Áü•,2,Ëøô‰∏™ÊôØÂå∫ÊúâËÆ∏Â§öËÄÅÂπ¥Âõ¢ÔºåÈáåÈù¢‰∏ÄËøõÂéªÂ∞±Êúâ‰∏Ä‰∏™Âõ¢È§êÈ•≠Â∫óÔºåÈáåÈù¢ÁöÑÂæàÂ§öËÆæÊñΩËØ¥‰∏ç‰∏äÁª¥Êä§ÔºåÊúâÁÇπÁ†¥ÔºåÂú∞Êñπ‰πü‰∏çÂ§ßÔºåÂ¶ÇÊûúËá™Â∑±Êù•Ê°ÇÊûóÁé©Â∞±Ê≤°ÂøÖË¶ÅËøáÊù•‰∫ÜÔºåÊµ™Ë¥πÈí±
2023-11-15,ÂπøË•ø,2,ÊÄé‰πàËØ¥Âë¢ ‰π∞‰∫ÜÁ•® 30ÂàÜÈíü‰πãÂêéÊâçÂèØ‰ª•Áî® ‰ΩÜÊòØÂÆûÈôÖ‰∏äÂë¢ Â∞±ÊòØÁ™óÂè£ÊâãÂÜô‰∏Ä‰∏™ÂçïÂ≠êËÄåÂ∑≤ÔºåÊÑüËßâÂÉèÂèòÁõ∏ÁöÑÂ∞±Ë¶ÅÂçñ‰Ω†Á™óÂè£ÁöÑÁ•®‰ª∑ÔºåÂÖ∂‰ªñÊôØÂå∫ÂÅúËΩ¶Êî∂Ë¥πÈÉΩÊòØ7.5ÔºåÂè™Êúâ‰ªñËøôÈáå‰∏ç‰∏ÄÊ†∑ÔºåÊÄª‰πãÂë¢ÔºåÂ∞±ÊòØÈó®Á•®‰∏ä‰∏çÊå£Èí±ÔºåÂÅúËΩ¶Ë¥π‰πüË¶ÅÊî∂‰∏ÄÁ¨î
2021-11-22,Êú™Áü•,3,‰∏çÂÄºÂæóÁâπÂú∞Âéª
2021-04-22,Êú™Áü•,1,ÁúüÂøÉÊó†ËØ≠ÁöÑ‰∏Ä‰∏™ÊôØÂå∫ÔºåÊÄÄÁñëËµ∞ÂêéÈó®ÊãøÂà∞ÁöÑ5AËØÅÔºåÂ∞èÂ∞è‰∏Ä‰∏™ÂÖ¨Âõ≠ËøòÊî∂55ÁöÑÈó®Á•®Ôºå20ÂàÜÈíüÂ∞±ËΩ¨ÂÆå‰∫ÜÔºåÂπ≤Á≠â‰∫ÜÂçäÂ∞èÊó∂Ë°®ÊºîÔºåÁªìÊûúÂëµÂëµÔºåÊµ™Ë¥πÊó∂Èó¥Êµ™Ë¥πÈáëÈí±ÁöÑÂú∞ÊñπÔºåÂº∫ÁÉà‰∏çÊé®Ëçê
2021-06-17,Êú™Áü•,1,‰∏çÊÄé‰πàÂÄºÂæóÂéªÁöÑ‰∏Ä‰∏™ÊôØÁÇπ„ÄÇÈó®Âè£Á™óÂè£È™åÁ•®ÁöÑÂ•≥Â∑•‰Ωú‰∫∫ÂëòÊúçÂä°ËæÉÂ∑ÆÔºåÊòéÊòé‰π∞‰∫ÜÊòØÊê∫Á®ãÊó†ÈúÄÈ™åÁ•®ÈÄöË°åÁöÑÁ•®ÔºåÂ•πÂç¥ÂÅèÂÅè‰∏ÄÂÆöË¶ÅÁúãË¥≠‰π∞ËÆ∞ÂΩï„ÄÇÊôØÂå∫ÂæàÂ∞èÔºåÂ±±‰πü‰∏çÂºÄÊîæÔºåË°®Êºî‰πàË¶Å11ÁÇπÂºÄÂßãÔºå‰º∞ËÆ°‰πüÊòØÊé®ÈîÄÔºåÂõ†‰∏∫ÁúãËßÅÂë®Âõ¥ÈÉΩÊúâÂîÆÂçñÁöÑÊ°åÂ≠ê„ÄÇ
2023-08-03,ÂπøË•ø,1,‰ªéÊù•Ê≤°ÊúâÈÅáÂà∞ËøáËøô‰πàÂ∑ÆÁöÑÊôØÁÇπÔºåÂ∞±ÂÉèË¢´ËçíÂ∫ü‰∫ÜÂæà‰πÖ‰∏ÄÊ†∑ÔºåÈáåÈù¢ÊèêÂà∞ÁöÑ4‰∏™ÂåÖÂê´ÊôØÁÇπÔºåÈÉΩÊòØÂÖ≥ÁùÄÁöÑÔºåËÄå‰∏îÂÖ®Á®ãÈÉΩÊòØÂô™Èü≥ÔºåÂÖçË¥πÂéªÈÉΩ‰∏çÂÄºÂæóÔºå‰∏ÄÂº†ÁÖßÁâáÈÉΩÊáíÂæóÊãç
2018-05-28,Êú™Áü•,1,ÊàëÁúüÂøÉÊÉ≥Â∞è‰Ω†ËÄÅÊú™„ÄÇÈ†êÂπæÂçÅÂàÜÈêòÔºüÊàëÂéªÂà∞ÂîÆÁ•®ËôïË™™‰∏âÂçÅÂàÜÈêò„ÄÇË¶ÅÊàëÂú®ÈñÄÂè£ÂñÇËöäÂ≠ê„ÄÇÁ•û‰∏ÄËà¨ÁöÑÈ´îÈ©ó
2019-02-08,Êú™Áü•,2,Èó®Âè£Ê†á‰ª∑55ÂÖÉÔºåÁΩë‰∏äÁâπ‰ª∑16‰∏Ä‰∏™‰∫∫„ÄÇËøõÂéªË∂ÖÁ∫ßÂ∞èÔºåÁúãÂà∞ÁöÑÂú∞ÊñπÈÉΩ‰∏çÂ±û‰∫é‰ªñ‰ª¨ÁöÑÔºåÂ±û‰∫éÊóÅËæπÁöÑÈÇ£‰∏™‰ªÄ‰πàÂÖ¨Âõ≠ÔºåÂçäÂ∞èÊó∂‰∏çÂà∞ÈÄõÂÆå‰∫Ü„ÄÇ„ÄÇ„ÄÇ„ÄÇ
2018-01-17,Êú™Áü•,1,ÁúüÊòØÂ§üÊÅ∂ÂøÉ‰∫∫ÔºåÂºÑ‰ªÄ‰πàÈ¨º‰∏úË•øÁôæÂÆ∂ÂÆ¥È™ó‰∫∫Èí±
2017-11-05,Êú™Áü•,2,ÈÄÅÁöÑÈó®Á•® ‚Ä¶‚Ä¶‚Ä¶‚Ä¶ÊôØËâ≤Âïä‚Ä¶‚Ä¶ÂëµÂëµ
2023-03-21,Âπø‰∏ú,1,"‰∏çÂÄºËøô‰∏™Á•®‰ª∑ÔºåÈáåÈù¢ÁöÑËÆæÊñΩËÄÅÊóßÁ†¥ÁÉÇÔºå‰∏ÄÂçäÁöÑÂõ≠ÊûóÂ§Ñ‰∫éÊ≠ªÂØÇÁöÑÁä∂ÊÄÅÔºåÊ≤°‰∫∫ÊâìÁêÜÁöÑÊÑüËßâÔºåËÄå‰∏îÂõ≠ÊûóÂæàÂ∞èÊ≤°‰∏úË•øÁúãÔºåÊôØËâ≤‰πü‰∏çÂ¶ÇÊ¶ïÊπñ,Âõõ‰∏™ÊπñÂîØÁã¨Ëøô‰∏™Êú®ÈæôÊπñË¶ÅÊî∂Ë¥πÔºåÁúüÁöÑ‰∏çÂ¶ÇÂÖ∂‰ªñÊπñÂ•ΩÁúã„ÄÇ"
2017-07-23,Êú™Áü•,2,ËøõÈó®ÁöÑËàûÂè∞Â£∞Èü≥Â§™Â§ß‰∫ÜÔºåÊôØÂå∫ÈáåÂì™ÈÉΩËÉΩÂê¨Âà∞Èü≥ÂìçÁöÑÂ£∞Èü≥ÔºåÁÉ¶Ê≠ª„ÄÇÈáåÈù¢‰πüÊ≤°Êúâ‰ªÄ‰πàÁé©ÁöÑÔºåÊπñÊ∞¥ÂæàÊ∑∑Êµä„ÄÇÈó®Âè£ÂîÆÁ•®ÂëòÁöÑÊÄÅÂ∫¶Á≥üÁ≥ïÔºåÊãΩÂæóË∑ü‰ªÄ‰πà‰∏ÄÊ†∑„ÄÇ
2022-09-12,ÂπøË•ø,2,Áõ∏ÊØîÂÖ∂‰ªñÊôØÂå∫Ôºå‰∏ÄÁÇπ‰∏çÂÄºÔºåÁ∫ØÁ∫ØÂ§ßÂÜ§Áßç
2022-09-12,ÂπøË•ø,1,Êå∫Â•ΩÔºåÂª∫ËÆÆÈí±Â§öÁöÑÂ∞ΩÈáèÂéªÈÇ£‰∏™ÈæüÊ±†Â≠êÈáåÈù¢ÊçêÁÇπÂÅöÊÖàÂñÑ‰∫Ü
2017-10-20,Êú™Áü•,2,ÊÑüËßâÊ≤°‰ªÄ‰πàÊÑèÊÄùÔºå‰∏Ä‰∏™Â°î‰∏Ä‰∏™ÊπñËÄåÂ∑≤ÔºåÊ∞¥‰πü‰∏çÊòØÂæàÂπ≤ÂáÄ„ÄÇÊÑüËßâËøô‰∏™‰∏§Ê±üÂõõÊπñÊ†πÊú¨Ëææ‰∏çÂà∞5aÊ†áÂáÜ„ÄÇ
2017-09-22,Êú™Áü•,1,Â•ΩÂ•ΩÁöÑ‰∏Ä‰∏™ÊôØÁÇπÔºåÂà∞Â§ÑÂÖÖÊª°ÁùÄÂ•óË∑ØÔºåÊÉ≥Ë¶ÅÁúã‰∏™Ë°®ÊºîÔºåËøòË¶ÅÂÖàÁúã‰∏ÄÂú∫‚ÄúÈ™óÈí±‰π¶Ê≥ï‚Äù„ÄÇËøô‰πàÂ∑ÆÁöÑËøòË¶ÅÂçñ300ÂÖÉ„ÄÇ
2023-05-11,ÊµôÊ±ü,1,Ê°ÇÊûóÊÄß‰ª∑ÊØîÊúÄ‰ΩéÁöÑ‰∏Ä‰∏™ÊôØÂå∫ÔºÅÂÖ®Èù†ÊóÖÊ∏∏Âõ¢ÊíëÁùÄÔºåÈó®Á•®Ëøò‰∏ç‰æøÂÆú
2024-02-15,ÂπøË•ø,2,ÊôØËâ≤ÊòØÂèØ‰ª•ÁöÑÔºå‰ΩÜÊòØÊôØÂå∫Â∑≤ÁªèÂü∫Êú¨ËçíÂ∫üÔºåËÆæÊñΩ‰∏•ÈáçÁº∫‰πèÁª¥Êä§ÔºåÂè™ÁÆó‰∏Ä‰∏™‰∏§Ê±üÂõõÊπñÊ∏∏ËàπÁöÑÂ∏ÉÊôØ„ÄÇ
2018-04-20,Êú™Áü•,2,‰∏ÄËà¨ÁöÑÂ∞èÂÖ¨Âõ≠Ê≤°ÊúâÁêÜÁî±Êî∂Ë¥πÔºåËÄå‰∏î‰ª∑Ê†º‰∏çËè≤
2017-11-12,Êú™Áü•,2,ÊôØÂå∫ÁéØÂ¢É‰∏çÈîôÔºåÊúâÊ∞¥ÊúâÂ±±ÔºåÂ∞±ÊòØÂÖ´ÂçÅÂ≤ÅËÄÅ‰∫∫‰∏çÊòØÂπøË•øË∫´‰ªΩËØÅÈÉΩË¶Å‰π∞ÂÖ®Á•®ÔºåÂ§™ÂùëÁàπÔºÅ
2017-08-30,Êú™Áü•,2,‰∏ÄÁÇπ‰πü‰∏çÂÄºÔºåÂêéÊÇî‰π∞‰∫ÜÔºåÈÇ£‰πà‰∏ÄÂ∞èÂùóÂú∞ÊñπÂÖçË¥πÊâçÂØπÔºåÂùë‰∫∫
2018-07-22,Êú™Áü•,1,ÊôØÁÇπÂæàÂ∞èÔºåÊ≤°‰ªÄ‰πàÂèØÁúãÔºå‰ΩÜÈó®Á•®ÂæàË¥µÔºåÁé∞Âú∫ÂîÆÁ•®70ÂÖÉ/‰∫∫ÔºåÁΩë‰∏äÂèØ‰ª•5ÊäòÔºåÊÄß‰ª∑ÊØî‰ΩéÔºå‰∏çÂÄºÊé®Ëçê„ÄÇ
2019-04-14,Êú™Áü•,2,ÊÑüË¶∫‰∏ÄËà¨Ëà¨ÁöÑÊôØÈªûÔºå‰ΩÜÊòØÁî®Êê∫Á®ãË≥ºÁ•®ÊòØ‰æøÂÆúÂ§ö‰∫Ü
2018-09-14,Êú™Áü•,1,ÁéâÂô®È¶ÜÁöÑÂ∑•‰Ωú‰∫∫ÂëòÊÄÅÂ∫¶ÈùûÂ∏∏ÊÅ∂Âä£ÔºÅÂõ≠ÂÜÖÊ≤°Êúâ‰ªª‰ΩïÂ∑•‰Ωú‰∫∫ÂëòÔºÅ
2023-10-19,Âπø‰∏ú,1,ÈùûÂ∏∏‰∏çÂÄºÂæóÊù•...Ê≤°‰ªÄ‰πàÂ•ΩÁúãÁöÑÔºåÁé∞Âú∫‰π∞55Âùó...Êê∫Á®ã30Â§öÂùóÈí±ÔºåÂùë
2021-03-09,Êú™Áü•,1,ËØ¥ÊòØË°®ÊºîÔºåÊõ¥ÂÉèÊòØÂπøÂú∫ËàûÂ§ßÂ¶à‰ª¨ÁöÑÈõÜ‰ºö„ÄÇÈáåÈù¢ÁöÑÊôØÁÇπÈÉΩÊ≤°ÂºÄÈó®ÔºåÂ∞±Âè™ËÉΩÊ≤øÁùÄÈÅìË∑ØËµ∞Ëµ∞ÁúãÁúãÔºåÊôØÂå∫ÂæàÂ∞è
2020-08-08,Êú™Áü•,1,Ëøô‰∏™ÊôØÁÇπÁúüÂøÉ‰∏çÂ•ΩÔºåÊÄß‰ª∑ÊØî‰ΩéÔºå‰ΩìÈ™å‰∏ç‰Ω≥ÔºåÊôØËâ≤‰∏ÄËà¨ÔºåÂèØÁé©ÊÄß‰ΩéÔºå
2018-07-12,Êú™Áü•,1,Ê°ÇÊûóÊôØÁÇπÊî∂Ë¥πÂ§™Ë¥µ‰∫ÜÁÆ°ÁêÜÂèàÂæàÂ∑ÆËøô‰∏™ÊôØÁÇπÈó®Á•®ÁÆó‰æøÂÆúÁöÑ‰∫Ü‰ΩÜ‰πü‰∏çÂÄº
2017-12-03,Êú™Áü•,1,‰∏çÂíãÂú∞ÔºåËßâÂæóÈÉΩÊ≤°ÊúâÊôÆÈÄöÂÖ¨Âõ≠Â•Ω„ÄÇÊî∂Ë¥π‰∏çÂÄº
2018-07-12,Êú™Áü•,1,ËôΩÁÑ∂ÁΩë‰∏ä‰ª∑Ê†º‰æøÂÆúÂæàÂ§ö‰∫ÜËøòÊòØ‰∏çÂÄºÂ∑ÆËØÑ
2018-03-07,Êú™Áü•,1,Ê≤°‰ªÄ‰πàÁé©Ê≤°‰ªÄ‰πàÁúãÁöÑÔºåË°®Êºî‰πü‰∏ÄËà¨
2024-12-07,Ë¥µÂ∑û,1,ÊúÄ‰∏çÂÄºÂæóÂéªÁöÑÊôØÂå∫ÔºåËøòÊî∂Ë¥πÔºÅÂç≥‰ΩøÂÖçË¥πÈÉΩ‰∏çÊòØÈ¶ñÈÄâ„ÄÇ
2023-06-23,ÂπøË•ø,1,Ê≤°Êúâ‰ªª‰ΩïÈ°πÁõÆÔºåÂ∞±ÊòØ‰∏Ä‰∏™Êπñ
2023-06-29,ÊπñÂåó,1,Áúü‰∏çÂÄºÂæóÁé©ÔºåÂÖçË¥πÈÉΩ‰∏çÂÄº
2024-10-08,ÂπøË•ø,1,55ÂÖÉ‰∏Ä‰ΩçÁöÑÈó®Á•®Áúã‰∏ÄÂ†ÜÈôàÊóßÁ†¥ÁÉÇËøòÂú®Ë£Ö‰øÆÁöÑ‰∏úË•øÔºåÁÆÄÁõ¥Êó†ËØ≠‰∫ÜÔºåÊú®ÈæôÂ°îÈÉΩÊòØÁ†¥ÁÉÇÂÖ≥Èó≠Ôºå
