date,ip å±žåœ°,è¯„åˆ†,comments
2016-06-07,æœªçŸ¥,5,æˆ‘ä»¬æ¥æ¸¸è§ˆçš„æ—¶å€™ï¼Œæ˜¯åå°èˆ¹è¿›åŽ»çš„ã€‚ä¸€åªå°èˆ¹å¤§æ¦‚å¯ä»¥åä¸‹ä¸ƒå…«ä¸ªäººçš„æ ·å­ï¼Œä¸€è¿›åˆ°æº¶æ´žé‡Œå°±è§‰å¾—å¾ˆå‡‰çˆ½ï¼Œååœ¨èˆ¹ä¸Šä¸€è·¯éƒ½èƒ½çœ‹åˆ°å¥‡å¦™çš„æº¶æ´žæ™¯è§‚ï¼Œå†åŠ ä¸Šæ—è¾¹æ‰“çš„å½©å…‰å°±æ›´å¥½çœ‹äº†ã€‚ä¸­é€”æœ‰åœ°æ–¹å¯ä»¥è®©æ¸¸å®¢ä¸‹èˆ¹æ­¥è¡Œæ¸¸è§ˆçš„ï¼Œæ‰€ä»¥å¹¶ä¸æ˜¯ä¸€ç›´éƒ½åœ¨èˆ¹ä¸Šï¼Œæ¸¸å®¢å¯ä»¥è‡ªå·±æŽ§åˆ¶æ¸¸è§ˆæ—¶é—´ã€‚
2015-10-22,æœªçŸ¥,5,å²©æ´žé‡Œçš„é£Žæ™¯æ˜¯ä¸é”™çš„ã€‚ä½†è·Ÿå›¢çš„è¯æ—¶é—´æ˜¾å¾—ç´§å¼ äº†ç‚¹ï¼Œä¸€ä¸ªæ™¯åŒºè¿˜æ²¡çœ‹å®Œï¼Œå¯¼æ¸¸å°±å‚¬ç€èµ¶å¾€ä¸‹ä¸€ä¸ªæ™¯ç‚¹ã€‚ä»Žè¿›æ´žåˆ°å‡ºæ¥æ€»å…±å‘äº†50åˆ†é’Ÿå·¦å³ã€‚
2016-06-20,æœªçŸ¥,5,è¿›äº†æ£€ç¥¨å¤„æ¥åˆ°ç¬¬ä¸€æ®µæ°´è·¯å…¥å£çš„æ—¶å€™ï¼Œä¸€è‚¡å‡‰é£Žå¹æ¥ï¼Œæ•´ä¸ªäººéƒ½å¼‚å¸¸æ¸…çˆ½ï¼Œå› ä¸ºæˆ‘åŽ»çš„é‚£å¤©å¤©æ°”å¾ˆçƒ­ï¼Œä¸çŸ¥é“æ˜¯ä¸æ˜¯é‚£ä¸€é˜µé£Žçš„åŽŸå› ï¼Œåæ­£ä¸ªäººå¯¹è¿™ä¸ªæ™¯åŒºçš„å¥½æ„Ÿçž¬é—´æå‡ä¸å°‘ï¼Œå› ä¸ºå–€æ–¯ç‰¹åœ°è²Œçš„æº¶æ´žä¹ŸåŽ»å‡ ä¸ªï¼Œæ‰€ä»¥ä¸€å¼€å§‹å¹¶æ²¡æœ‰æŠ±ç€å¾ˆé«˜çš„æœŸå¾…ã€‚ä¸‹äº†èˆ¹è¿›åˆ°å²©æ´žï¼Œé‡Œé¢çš„å„ç§å„æ ·çš„é’Ÿä¹³çŸ³çœ‹å¾—æˆ‘çœ¼èŠ±ç¼­ä¹±ï¼Œä»¿ä½›ç½®èº«ä»™å¢ƒèˆ¬ï¼Œè¯´ä¸å‡ºçš„ç¾Žå¦™ï¼Œå‡ºäº†å²©æ´žä¹‹åŽå°±åˆ°å¥‡çŸ³å®«äº†ï¼Œå¥‡çŸ³å®«é‡Œä¹Ÿæ˜¯å„ç§å¥‡å½¢æ€ªçŠ¶çš„çŸ³å¤´ã€‚æ™¯è‰²æ˜¯å¯ä»¥æ»¡åˆ†çš„ï¼Œæ€§ä»·æ¯”ä¹Ÿé«˜ï¼Œå€¼å¾—ä¸€åŽ»ï¼Œè¯šæ„æŽ¨èå„ä½æœ‹å‹åŽ»çœ‹ä¸€çœ‹ï¼Œè¿œç¦»çŽ°ä»£åŸŽå¸‚çš„å–§åš£å’Œå¿«èŠ‚å¥çš„ç”Ÿæ´»ï¼Œè®©ä½ æ”¾æ…¢è„šæ­¥åŽ»æ„Ÿå—ä¸€ä¸‹é‚£ä¸€ä»½å®‰é™ã€‚
2016-11-16,æœªçŸ¥,4,é—¨ç¥¨ä½Žï¼Œè€Œä¸”å¯ä»¥çŽ©å¾ˆä¹…ï¼Œæœ€å¼€å§‹åèˆ¹çœ‹ï¼Œç„¶åŽåˆ°äº†é‡Œé¢ä¸‹èˆ¹ï¼Œåœ¨é‡Œé¢æ˜¯ä¸æ˜¯çš„ä¼šè¢«å¤´é¡¶çš„é’Ÿä¹³çŸ³æ»´åˆ°æ°´ï¼Œå¤§æ¦‚èµ°äº†ä¸€ä¸ªå°æ—¶ï¼Œä¸­é€”è¿˜æœ‰ç…§ç›¸çš„åœ°æ–¹ï¼ˆåˆå½±åŽåœ¨å‡ºåŽ»çš„é—¨å£å–ç›¸ç‰‡10RMBï¼Œèµ°å®Œäº†ï¼Œå› ä¸ºç¥¨ä»·ä¾¿å®œï¼Œæ‰€ä»¥å‡ºæ¥çš„æ—¶å€™èµ°äº†å¥½é•¿ä¸€æ®µè·¯éƒ½æ˜¯å–çºªå¿µå“çš„
2021-03-14,æœªçŸ¥,5,èšé¾™æ½­ä½äºŽå¤§æ¦•æ ‘å’Œæœˆäº®å±±ä¹‹é—´ï¼Œæ˜¯æ¡‚æž—é˜³æœ”å¢ƒå†…å”¯ä¸€å¯å…¼æ°´é™†æ¸¸è§ˆçš„æº¶æ´žï¼Œæ´žå†…ç§»æ­¥æ¢æ™¯ï¼Œ40å¤šä¸ªæ™¯è‡´ï¼Œä»¤äººç›®ä¸æš‡æŽ¥ï¼Œä»¿ä½›åœ¨æ°´æ™¶é¾™å®«é¨æ¸¸ã€‚èšé¾™æ½­ï¼Œç”±é»‘å²©ã€æ°´å²©ç»„æˆï¼Œå› å²©å¤–å¥‡å³°ç«žç§€å®›å¦‚ç¥žé¾™è…¾äº‘ã€å²©å†…ä¹³çŸ³å¤šå§¿å·§ä¼¼æ¸¸é¾™æˆæ°´è€Œå¾—åï¼Œæ˜¯å›½å®¶4Açº§æ—…æ¸¸æ™¯åŒºã€‚æ™¯åŒºæœ€å¤§çš„äº®ç‚¹åœ¨äºŽåœ°ä¸‹å·§å¤ºå¤©å·¥çš„é’Ÿä¹³çŸ³æº¶æ´žï¼Œç»åŽ†äº¿ä¸‡å¹´çš„åŒ–å­¦ã€ç‰©ç†ååº”è€Œå½¢æˆï¼ŒçœŸæ‰€è°“åƒå§¿ç™¾æ€ã€‚æº¶æ´žå†…è¾ƒè‘—åçš„é’Ÿä¹³çŸ³æ™¯è§‚æœ‰â€œæ¨è´µå¦ƒä»™æµ´â€ã€â€œæµ·ä¸Šæ˜Žæœˆâ€ã€â€œæ°´æ™¶é¾™å®«â€ç­‰ã€‚
2022-09-14,å¹¿ä¸œ,5,èšé¾™æ½­ä½äºŽå¹¿è¥¿é˜³æœ”åŽ¿ï¼Œå²©å†…é’Ÿä¹³çŸ³ç³ç…å¤šå§¿ï¼Œæœ‰çŸ³å·§ä¼¼æ¸¸é¾™æˆæ°´ï¼Œå²©å¤–é’å±±éšéšï¼Œç»¿æ°´æ‚ æ‚ ï¼Œå®›å¦‚ç¾¤é¾™é©¾é›¾ï¼Œæ•…åâ€œèšé¾™æ½­â€ã€‚ å¼€æ”¾æ—¶é—´ï¼šå…¨å¹´ 08:00-17:00 é—¨ç¥¨ä»·æ ¼ï¼šéœ€è´­ç¥¨ï¿¥70èµ· æ™¯ç‚¹åœ°å€ï¼šæ¡‚æž—å¸‚é˜³æœ”åŽ¿è§‚èŽ²è·¯
2020-09-17,æœªçŸ¥,5,æ€§ä»·æ¯”ä¸€èˆ¬ï¼Œå¥½åœ¨æ˜¯åœ¨åé‡Œç”»å»Šè·¯è¾¹ã€‚æ¸¸è§ˆä¸ç”¨å¤ªæµªè´¹æ—¶é—´ã€‚å®£ä¼ æ˜¯åèˆ¹æ¸¸è§ˆå…¶å®žä»…ä»…æ˜¯è¿›å…¥æ´žå£æœ‰æ®µè·¯åä¸€ä¸ªå°èˆ¹ã€‚æ´žå†…é’Ÿä¹³çŸ³å’Œæˆ‘åŽé¢å‚è§‚çš„èŠ¦ç¬›å²©å·®è·è¾ƒå¤§ã€‚ä¸è¿‡å¯¼æ¸¸è¿˜ç®—ä¸é”™ä»‹ç»çš„å¾ˆè¯¦ç»†ã€‚ä¸œè¥¿ä¹Ÿæ²¡æœ‰å¼ºå–ï¼Œéƒ½æ˜¯è‡ªæ„¿ã€‚æœ‰å…³é’Ÿä¹³çŸ³æº¶æ´žè¿™å®Œå…¨å°±çœ‹è‡ªå·±çš„å–œå¥½äº†ã€‚æˆ‘è§‰å¾—å¾ˆç¥žå¥‡ï¼ŒæŒºæœ‰æ„æ€çš„
2018-02-13,æœªçŸ¥,4,åäº†å‡ åˆ†é’Ÿå°èˆ¹è¿›åˆ°æº¶æ´žé‡Œï¼Œæ™¯è‰²è¿˜å¥½ï¼Œç¯å…‰çš„åŠŸåŠ³å¾ˆå¤§ï¼Œé‡Œé¢æ²¡æœ‰èŠ¦ç¬›å²©å¥½ï¼Œéª‘è‡ªè¡Œè½¦åŽ»é˜³æœ”ï¼Œæ²¿é€”éšæ„å†³å®šåŽ»çš„æ™¯ç‚¹ï¼Œé—¨ç¥¨é—¨å¸‚ä»·æ ¼åé«˜ï¼Œè·¯è¾¹å–ç”˜è”—æ±çš„å¤§å§å¸®å¿™ä¹°çš„é—¨ç¥¨ï¼Œä¸¤ä¸ªäºº100å…ƒï¼Œè¿˜ä¸é”™ï¼Œä¸è¶…è¿‡ä¸€å°æ—¶çš„æ¸¸è§ˆ
2015-12-21,æœªçŸ¥,5,èšé¾™æ½­æ˜¯é˜³æœ”è¿‘äº›å¹´æ–°å¼€å‘çš„æº¶æ´žï¼Œå¹¶ä¸Žè´µå·žç»‡é‡‘æ´žä¸€èµ·æˆåŠŸç”³è¯·ä¸–ç•Œæ–‡åŒ–é—äº§ã€‚ ç”±äºŽå¼€å‘çš„æ—¶é—´çŸ­ï¼Œæ´žå†…çš„çŸ³ç¬‹ï¼Œé’Ÿä¹³çŸ³ç­‰éƒ½æ˜¾å¾—é‚£ä¹ˆå¹´è½»æ¼‚äº®ï¼Œç»™äººè€³ç›®ä¸€æ–°çš„æ„Ÿè§‰ï¼Œæ˜¯é‚£äº›è€æº¶æ´žæ— æ³•æ¯”æ‹Ÿçš„ã€‚
2018-04-26,æœªçŸ¥,4,ç½‘ç»œè´­ç¥¨æ—…æ¸¸çœŸçš„å¾ˆæ–¹ä¾¿ï¼Œ ç¬¬ä¸€æ¬¡æ¥æ¡‚æž—æ¥åˆ°é˜³æœ”ä¸çŸ¥é“å“ªé‡Œå¥½çŽ©å“ªé‡Œå€¼å¾—åŽ»ï¼Œ åœ¨ç½‘ä¸Šå¯»æ‰¾äº†ä¸€ä¸‹æœ€åŽé€‰æ‹©äº†å²©æ´žï¼Œæ¼“æ±Ÿè·Ÿè¥¿è¡—ã€‚ æ•´ä½“æ—…æ¸¸ä¸‹æ¥è¿˜ä¸é”™æ¡‚æž—å±±ç¾Žæ°´ç¾Žå²©æ´žæ›´ç¾Žï¼Œç½‘ç»œè´­ç¥¨ä¹ŸæŒºæ–¹ä¾¿è™½ç„¶ä¾¿å®œä¸äº†å¤šå°‘ï¼Œä½†æ˜¯æ„Ÿè§‰è¿˜ä¸é”™å§æ€»è€Œè¨€ä¹‹ã€‚æ¥åˆ°å²©æ´žçš„æ—¶å€™æ¢äº†ç¥¨è¦è¿›æ™¯åŒºéœ€è¦ç­‰ï¼Œå› ä¸ºæ˜¯æˆå›¢æ‰èƒ½è¿›æ™¯åŒºï¼Œç­‰äº†å‡ åˆ†é’Ÿæ¥äº†ä¸€ä¸ªå›¢å°±ä¸€èµ·è¿›åŽ»äº†è¿˜æœ‰å¯¼æ¸¸è®²è§£ï¼Œå²©æ´žæœ‰å¾ˆå¤šçš„å¥‡è§‚ å¾ˆå¤šå¥‡æ€ªçš„çŸ³å¤´å„å¼å„æ ·ã€‚ å°±æ˜¯äº¤é€šè´¹å¤ªè´µäº† è·¯ç¨‹ä¸å¤§äº¤é€šè´¹å¾ˆè´µã€‚
2017-10-03,æœªçŸ¥,4,æ™¯ç‚¹æ˜¯åœ¨é‡é¾™æ²³æ™¯åŒºå†…ï¼Œå…¨ç¥¨æ˜¯85å…ƒæ¯ä¸ª ï¼Œå¯ä»¥æ¸¸åœ°ä¸‹æ²³ï¼Œåœ¨æº¶æ´žé‡Œçœ‹åœ°ä¸‹çš„é£Žæ™¯ ã€‚ä¼šæœ‰ä¸€ä¸ªå°å¯¼æ¸¸å¸¦è¿›åŽ»è®²è§£ï¼Œå…¶ä¸­æœ‰ä¸€ä¸ªåœ°æ–¹ï¼Œè¯´è¦è¢«ä»–ä»¬é‚£æœ€ç¾Žçš„å§‘å¨˜æ‘¸è€³æœµæ‹ç…§ï¼Œå› ä¸ºé‚£è¾¹å°‘æ•°æ°‘æ—çš„ç¤¼ä»ªæ‘¸è€³æœµæ˜¯æ¬¢è¿Žçš„æ„æ€ ï¼Œå¯¼æ¸¸è¯´æ‹ç…§äº†å¦‚æžœä¸å–œæ¬¢å¯ä»¥ä¸æ‰“å°ï¼Œç»“æžœæˆ‘ä»¬åˆšèµ°å‡ºé—¨å£å°±æŠŠç…§ç‰‡å…¨æŒ‚é‚£äº†ï¼Œå¿…é¡»æ¯ä¸ªäººäº¤10å—é’±æ‹¿ç…§ç‰‡ã€‚æº¶æ´žé‡Œé¢å¾ˆå‡‰å¿«ï¼Œé£Žæ™¯ä¹Ÿå¯ä»¥ï¼Œå¤§æ¦‚æœ‰å‡ å…¬é‡Œã€‚å…ˆåä¸€æ®µèˆ¹ï¼Œç„¶åŽæ­¥è¡Œï¼Œæº¶æ´žå†…æ¯”è¾ƒæ½®æ¹¿ï¼Œèµ°è·¯ä¸€å®šè¦å°å¿ƒ
2016-10-29,æœªçŸ¥,4,#èšé¾™æ½­ # ç”±é»‘å²©ã€æ°´å²©ç»„æˆï¼Œå› å²©å¤–å¥‡å³°ç«žç§€å®›å¦‚ç¥žé¾™è…¾äº‘ã€å²©å†…ä¹³çŸ³å¤šå§¿å·§ä¼¼æ¸¸é¾™æˆæ°´è€Œå¾—åï¼Œæ˜¯å›½å®¶4Açº§æ—…æ¸¸æ™¯åŒºã€‚ èšé¾™æ½­ ä½äºŽå¤§æ¦•æ ‘ å’Œæœˆäº®å±± ä¹‹é—´ï¼Œæ˜¯é˜³æœ”å¢ƒå†…å”¯ä¸€å¯å…¼æ°´é™†æ¸¸è§ˆçš„æº¶æ´žï¼Œæ´žå†…ç§»æ­¥æ¢æ™¯ï¼Œ40å¤šä¸ªæ™¯è‡´ï¼Œä»¤äººç›®ä¸æš‡æŽ¥ï¼Œä»¿ä½›åœ¨æ°´æ™¶é¾™å®«é¨æ¸¸ã€‚ èšé¾™æ½­ æ™¯åŒºæ˜¯é˜³æœ”æ—…æ¸¸æ˜Žç ä¸Šçš„ä¸€æœµå¥‡è‘©ã€‚è€Œæ¡‚æž—æ±Ÿå±±æ—…æ¸¸æœåŠ¡æœ‰é™å…¬å¸å¯¹èšé¾™æ½­ æ™¯åŒºè¿›è¡Œä¿æŠ¤æ€§å¼€å‘ï¼Œä»¥è‡ªç„¶æ™¯è§‚ã€äººæ–‡æ™¯è§‚é«˜åº¦ç»“åˆä¸ºæž„æ€ï¼Œåˆ«äºŽå…¶ä»–å²©æ´žçš„ç‰¹è‰²è€Œè®¾è®¡ï¼Œæ›´æ˜¾å…¶ç‹¬å…·åŒ å¿ƒçš„é­…åŠ›ã€‚ æ™¯åŒºæœ€å¤§çš„äº®ç‚¹åœ¨äºŽåœ°ä¸‹å·§å¤ºå¤©å·¥çš„é’Ÿä¹³çŸ³æº¶æ´žï¼Œç»åŽ†äº¿ä¸‡å¹´çš„åŒ–å­¦ã€ç‰©ç†ååº”è€Œå½¢æˆï¼ŒçœŸæ‰€è°“åƒå§¿ç™¾æ€ã€‚æº¶æ´žå†…è¾ƒè‘—åçš„é’Ÿä¹³çŸ³æ™¯è§‚æœ‰â€œæ¨è´µå¦ƒä»™æµ´â€ã€â€œæµ·ä¸Šæ˜Žæœˆâ€ã€â€œæ°´æ™¶é¾™å®«â€ç­‰ã€‚ æ™¯åŒºå†…ä¾æ‰˜å‘¨å›´çš„å±±æ°´ï¼ŒæŒ‰ç…§å½“åœ°å°‘æ•°æ°‘æ—é£Žæ ¼å»ºç­‘ï¼Œäº­ã€å°ã€æ¥¼ã€é˜ï¼Œå››å‘¨ç»¿æ•°çŽ¯ç»•å…¶ä¸­ï¼Œæ›´ä¸ºä¸€ç»çš„æ˜¯ç¥žç§˜çš„åœ°ä¸‹æ²³é…ä»¥å¹¿è¥¿æœ€å…·ç‰¹è‰²çš„â€œåˆ˜ä¸‰å§å¯¹æ­Œâ€ï¼Œæ•´ä¸ªæ—…ç¨‹æ­Œå£°ã€æŽŒå£°ã€ç¬‘å£°ä¸ç»ã€‚
2016-02-05,æœªçŸ¥,5,èšé¾™æ½­å²©å†…é’Ÿä¹³çŸ³ç³ç…å¤šå§¿ï¼Œè§‚èµçš„å†…å®¹å…¨æ˜¯æº¶æ´žæ™¯è§‚ã€‚èšé¾™æ½­åˆæ˜¯é˜³æœ”å¢ƒå†…å”¯ä¸€å¯å…¼æ°´é™†æ¸¸è§ˆçš„æº¶æ´žã€‚åœ¨è¿‘åƒç±³é•¿çš„æ¸¸é“ä¸­ï¼Œæœ‰çº¦å››åˆ†ä¹‹ä¸€çš„æ¸¸ç¨‹æ¸¸äººå¯ä¹˜èˆ¹æ¸¸è§ˆã€‚æ¸¸è§ˆæ—¶é—´çº¦å››ååˆ†é’Ÿã€‚å› å²©å¤–å¥‡å³°ç«žç§€å®›å¦‚ç¥žé¾™è…¾äº‘ï¼Œå²©å†…ä¹³çŸ³å¤šå§¿ï¼Œå·§ä¼¼æ¸¸é¾™æˆæ°´ï¼Œæ•…å–åèšé¾™æ½­ã€‚èšé¾™æ½­çš„æ™¯ç‰©ï¼Œå…¨ç³»é¬¼æ–§ç¥žå·¥ï¼Œå¤©ç„¶é€ å°±ã€‚
2016-01-31,æœªçŸ¥,5,"æ‰€è°“â€œæ¡‚æž—å±±æ°´ç”²å¤©ä¸‹ï¼Œé˜³æœ”å±±æ°´ç”²æ¡‚æž—â€ï¼Œå…¶å®žçœŸçš„æ²¡é”™ï¼Œé™¤äº†çœ‹å±±ï¼Œçœ‹æ°´ï¼Œè¿˜å€¼å¾—çœ‹çš„å°±æ˜¯å²©æ´žã€‚æ¡‚æž—æ˜¯å…¸åž‹çš„å–€æ–¯ç‰¹åœ°è²Œï¼Œæ‰€ä»¥æˆ‘ä»¬ä¸€è¡Œäººé€‰æ‹©äº†æ¸¸è§ˆèšé¾™æ½­ï¼Œé¦–å…ˆè¿™ä¸ªæ™¯åŒºçš„åœ°ç†ä½ç½®ç‰¹åˆ«å¥½ï¼Œä¸€ä¸‹é«˜é€Ÿå°±åˆ°äº†ï¼Œå½“ç„¶ä¹Ÿæœ‰å¾ˆå¤šéª‘è‡ªè¡Œè½¦æ¥çš„ï¼Œæ™¯åŒºçš„åœè½¦åœºå¾ˆå®½æ•žï¼Œæ˜¯ä¸ªéžå¸¸å¤§æ°”çš„æ™¯åŒºï¼›å…¶æ¬¡ï¼Œæ´žå†…ä¹˜èˆ¹å…¥æ´žï¼Œå¾ˆæœ‰ç‰¹è‰²ï¼Œæ°´è·¯å…¼æ¸¸ï¼Œå¯¼æ¸¸å¾ˆç»†å¿ƒçš„è®²è§£ï¼Œé‡Œé¢çš„é’Ÿä¹³çŸ³å¥‡å½¢æ€ªçŠ¶ï¼ŒåŠ ä¸Šç¯å…‰çš„æ•ˆæžœï¼Œå¾ˆç¾Žã€‚é‡Œé¢æœ‰å¾ˆå¤šç‚¹éƒ½éžå¸¸çš„ç¾Žï¼Œç‰¹åˆ«æ˜¯ä¸€ä¸‹èˆ¹çœ‹åˆ°çš„ç¬¬ä¸€ä¸ªç‚¹ï¼Œå«åšâ€œå¥‡å³°å€’å½±'',éžå¸¸ä¹‹æ¼‚äº®ã€‚è¿˜æœ‰å¾ˆå¤šï¼Œä¾‹å¦‚ï¼šæµ·å¸‚èœƒæ¥¼ï¼Œè€äººå®ˆå®ï¼Œæ°´æ™¶å®«ç­‰ç­‰ã€‚æ´žå†…æœ‰é’Ÿä¹³çŸ³ï¼ŒçŸ³èŠ½ï¼ŒçŸ³ç¬‹ã€‚ä¼´éšç€å¯¼æ¸¸çš„è®²è§£ï¼ŒçœŸçš„æ˜¯è¶Šçœ‹è¶Šæƒ³è¶Šåƒã€‚æ¥é˜³æœ”å€¼å¾—æŽ¨èã€‚"
2017-03-02,æœªçŸ¥,5,æ°´é™†çš†å¯æ¸¸è§ˆçš„æº¶æ´žï¼Œæ´žå†…é’Ÿä¹³å½¢çŠ¶åƒå¥‡ç™¾æ€ªã€å¤šå§¿å¤šå½©ç¾Žä¸èƒœæ”¶ã€‚åœ°ä¸‹æ²³æš—æµæ¶Œç”Ÿï¼Œæ— åº•æ·±æ½­ä¸Šçš„æš—æµç›´é€šæ¼“æ±Ÿã€‚å¯ä»¥å…ˆæ­¥è¡Œæ¸¸è§ˆï¼Œç„¶åŽä¹˜å°èˆŸæ¼‚è‡³æ´žå¤–ã€‚
2021-11-24,æœªçŸ¥,5,æ¡‚æž—èšé¾™æ½­æ™¯åŒºï¼Œæ´žå†…å¥‡çŸ³æž—ç«‹ï¼Œæ¢¦å¹»ç¥žå¥‡ï¼Œæ˜¯é˜³æœ”å¢ƒå†…å”¯ä¸€å¯å…¼æ°´é™†æ¸¸è§ˆçš„æº¶æ´žï¼Œä»¿ä½›åœ¨æ°´æ™¶é¾™å®«é¨æ¸¸ï¼èšé¾™æ½­å› å²©å¤–å¥‡å³°ç«žç§€å®›å¦‚ç¥žé¾™è…¾äº‘ï¼Œå²©å†…ä¹³çŸ³å¤šå§¿ï¼Œå·§ä¼¼æ¸¸é¾™æˆæ°´ï¼Œæ•…å–åèšé¾™æ½­ã€‚èšé¾™æ½­çš„æ™¯ç‰©ï¼Œå…¨ç³»é¬¼æ–§ç¥žå·¥ï¼Œä¸å‡äººåŠ›é›•é¥°ã€‚èšé¾™æ½­ä¸»è¦æ™¯ç‚¹æœ‰ï¼šé¾™å¥³è¿Žå®¾ï¼Œæ°´æ™¶å®«ï¼Œè€äººå®ˆå®ï¼Œé“¶æ²³å¥‡å³°ï¼ŒèŸ æ¡ƒç››ä¼šï¼Œè´µå¦ƒæ–°æµ´ï¼ŒçŸ³æž—å¥‡è§‚ï¼Œé¾™å®«çŽ‰æŸ±ï¼Œæµ·ä¸Šæ˜Žæœˆï¼Œæµ·å¸‚èœƒæ¥¼ï¼Œå­”é›€å¼€å±ï¼Œå¤©å¦ƒæŠ¤èˆªï¼Œéº»å§‘çŒ®å¯¿ï¼Œä»™å¢ƒæ™¨æ›¦ï¼Œé›ªèŽ²å€’å¼€ï¼Œå«¦å¨¥å¥”æœˆï¼ŒçŽ‰å‡¤æ‰¿éœ²ï¼Œé‡‘é¸¡æŠ¥æ™“ï¼Œç¾¤é¾™é€å®¢ç­‰ä¸‰åä½™å¤„ã€‚
2019-09-09,æœªçŸ¥,3,èšé¾™æ½­åœ¨å¹¿è¥¿é˜³æœ”åŸŽå—æ¡‚è”å…¬è·¯å…­å…¬é‡Œå¤„ï¼Œæˆ‘å“‹ç³»ä»Žè¥¿è¡—ä¸ªè¾¹è¸©å•è½¦åŽ»çš„ï¼Œæ‰€ä»¥è¶…è¿œï¼Œè¸©åˆ°å¥½ç´¯... èšé¾™æ½­ç”±é»‘å²©å’Œæ°´å²©ç»„æˆï¼Œæ´žå†…æ— æ•°æ¡é’Ÿä¹³çŸ³å¾ˆè±¡â€œé¾™â€ï¼Œè¿™é‡Œå…¼æ°´é™†ä¹‹èƒœï¼Œå‘¢ä¸ªæ™¯ç‚¹éœ€è¦æ¸¸å®¢ä¸€éƒ¨åˆ†ä¹˜èˆ¹ä¸€éƒ¨åˆ†æ­¥è¡Œæ¸¸è§ˆå™¶ã€‚ æ´žå…¥é¢æœ‰å¥½å¤šå””åŒå½¢æ€çš„é’Ÿä¹³çŸ³ï¼Œé…ä¸Šå½©è‰²çš„ç¯é¥°ï¼ŒçœŸçš„å¾ˆç¾Žã€‚æ„Ÿè§‰ä¸ŠåŒé“¶å­å²©å·®å””å¤šã€‚
2016-03-15,æœªçŸ¥,4,é˜³æœ”å¢ƒå†…æœ‰ä¸€å¤„å”¯ä¸€å¯å…¼æ°´é™†æ¸¸è§ˆçš„æº¶æ´žâ€”â€”èšé¾™æ½­ã€‚èšé¾™æ½­ä½äºŽå¤æ¦•å…¬å›­ã€æœˆäº®å±±ä¹‹é—´ï¼Œè¿™ä¸ªè—é¾™å§è™Žçš„åœ°æ–¹ï¼Œåˆ†é»‘å²©å’Œæ°´å²©ä¸¤å¤§å²©æ´žã€‚åœ¨è¿‘åƒç±³é•¿çš„æ¸¸é“ä¸­ï¼Œçº¦å››åˆ†ä¹‹ä¸€çš„è·¯ç¨‹å¯ä¹˜èˆ¹æ¸¸è§ˆã€‚æ°´é“æ—åˆè®¾æœ‰å®‰å…¨é˜²æŠ¤æ ˆé“è¿žé€šã€‚æ°´é™†æ¸¸ç¨‹ï¼Œçš†å¯éšæ¸¸å®¢è‡ªå·±é€‰æ‹©ã€‚å²©å†…æ— æ•°æ¡é’Ÿä¹³çŸ³å¦‚å§é¾™ã€ç›˜é¾™ã€æ¸¸é¾™ã€é£žé¾™ã€èˆžé¾™ã€é‡‘é¾™ã€çŽ‰é¾™ã€é’é¾™ã€é»„é¾™ã€é¾™çŽ‹ã€é¾™å¥³ã€é¾™å­ã€é¾™å­™ï¼Œæ•°ä¸èƒœæ•°ï¼Œå½¢æ€é€¼çœŸæƒŸå¦™æƒŸè‚–ä¸€èˆ¬æº¶æ´žæ‰€æœ‰çš„çŸ³èŠ½ã€çŸ³èŠ±ã€é’Ÿä¹³ã€ç©´ç ã€ç€‘å¸ƒã€è½æ°´æ´žã€åœ°ä¸‹æ²³ç­‰ï¼Œåœ¨è¿™å„¿çš†å¯è§åˆ°ï¼Œç¾Žä¸èƒœæ”¶ã€‚å²©æ´žé‡Œæœ‰æ— åº•æ·±æ½­ï¼Œæ²¡æœ‰äººçŸ¥é“å®ƒç©¶ç«Ÿæœ‰å¤šæ·±ã€‚
2017-08-14,æœªçŸ¥,3,èšé¾™æ½­ï¼Œä¸€ä¸ªå–€æ–¯ç‰¹åœ°è²Œçš„æº¶æ´žï¼Œå¯¹äºŽçœ‹è¿‡æ¡åºçš„ç‘¶ç³ä»™å¢ƒçš„å®¢äººæ¥è¯´ï¼Œè¿™ä¸ªè¿˜ä¸æ˜¯éžå¸¸å£®è§‚ã€‚é‡Œé¢çš„çŽ¯å¢ƒç®¡ç†çš„ä¸å¥½ï¼Œè¿›å£æ˜¯è¦åèˆ¹çš„ï¼Œä½†æ˜¯ä¼°è®¡ä¹Ÿå°±1åˆ†é’Ÿçš„æ—¶é—´ï¼Œæœ¬ä»¥ä¸ºè¿™ä¹ˆå¥½çš„æº¶æ´žé‡Œé¢çš„æ°´åº”è¯¥æ˜¯éžå¸¸æ¸…æ¾ˆï¼Œè°çŸ¥é€è¿‡ç¯å…‰å‘çŽ°æ°´æ˜¯é»‘é»‘çš„ï¼Œè€Œä¸”å¾ˆè‡­ï¼Œç¬¬ä¸€å°è±¡å°±ä¸å¤ªå¥½ï¼Œé‚£æµ™æ±Ÿçš„ç‘¶ç³ä»™å¢ƒçœŸæ˜¯å¤ªèµžäº†ã€‚
2016-08-07,æœªçŸ¥,3,ä¸‹åˆå››ç‚¹å¤šï¼Œå‡ºå‘èšé¾™æ½­ï¼Œæ˜“åˆ°ç”¨è½¦å¸ˆå‚…æå‰æŠŠæˆ‘ä»¬æ”¾åœ¨ä¸€ä¸ªå¯ºåº™å°±è¯´åˆ°äº†ï¼Œé‚£é‡Œçš„ä¿å®‰è¯´ï¼Œæˆ‘ä»¬è¢«éª—äº†ï¼Œèšé¾™æ½­è¿˜åœ¨å‰é¢1.5å…¬é‡Œï¼Œé©¬ä¸Šç”µè¯å¸æœºï¼Œåˆå›žæ¥æŽ¥æˆ‘ä»¬åˆ°ç›®çš„åœ°ï¼Œä»–è¯´ä»–æžé”™åœ°æ–¹äº†ï¼Œæ„Ÿè§‰æœ‰äº†ä¸“è½¦è½¯ä»¶æŸç¼šï¼Œå®‰å…¨åº¦æå‡
2021-05-16,æœªçŸ¥,4,ä¸‹äº†é›¨ä¹‹åŽçš„é˜³æœ”ï¼Œæ°´ä½é«˜æ¶¨ï¼Œæ²¡æ³•æ¼‚æµï¼Œåªå¥½æ¥é™„è¿‘çš„èšé¾™æ½­æ™¯åŒºçœ‹çœ‹ã€‚å…ˆä¹˜èˆ¹ä¸€å°æ®µï¼Œå†æ­¥è¡Œæ¸¸è§ˆï¼Œæœ‰å¯¼æ¸¸å…¨ç¨‹è®²è§£ã€‚è¿™ä¸ªæº¶æ´žä¸ç®—å¾ˆæœ‰ç‰¹è‰²ï¼Œä½†å¦‚æžœç§‰æŒç€â€œè¶Šæƒ³è¶Šåƒâ€œçš„ç†å¿µï¼Œè¿˜æ˜¯ä¼šçœ‹åˆ°ä¸åŒé’Ÿä¹³çŸ³å½¢æ€çš„åƒå¥‡ç™¾æ€ªã€‚
2017-01-28,æœªçŸ¥,4,æ¡‚æž—æœ‰å¾ˆå¤šæº¶æ´žï¼Œæ¯”å¦‚èšé¾™æ½­ ï¼Œå…¶å®žä¹Ÿæ˜¯æ¯”è¾ƒæœ‰åçš„ï¼Œå…¶ä»–è¿˜æœ‰ä¸ƒæ˜Ÿå²© ã€èŠ¦ç¬›å²© ç­‰å¤§å¤§å°å°çš„ã€‚æº¶æ´žæœ‰å¾ˆå¤šï¼Œä½†æ˜¯ä½œä¸ºæ¸¸å®¢æ¥åˆ°æ¡‚æž—ä¸ªäººè®¤ä¸ºé€‰æ‹©1-2ä¸ªæœ‰ä»£è¡¨æ€§çš„æ¸¸çŽ©è§‚èµä¸€ä¸‹å°±è¶³å¤Ÿäº†ã€‚
2016-06-20,æœªçŸ¥,5,èšé¾™æ½­æ˜¯ä¸€ä¸ªæ¼‚äº®çš„æº¶æ´žï¼Œæˆ‘å–œæ¬¢~å¯ä»¥ä¹˜èˆ¹çœ‹æ´žé¡¶å’Œèº«è¾¹çš„é’Ÿä¹³çŸ³ã€‚æ—¶ä¸æ—¶ä¼šæœ‰æ´žé¡¶çš„æ°´æ»´æ»´åœ¨å±±ä¸Šï¼Œæœ‰ä¸€ç‚¹å°å‡‰å¿«ã€‚å†ä¸Šå²¸åŽï¼Œå› ä¸ºæ˜¯å¤å­£æ¸¸äººå¾ˆå¤šï¼Œå¤§å®¶å¾ˆå®¹æ˜“çš„å°±æŠŠæˆ‘ä»¬æŒ¤åˆ°äº†é˜Ÿå°¾ï¼Œæ‰€ä»¥è¦è·Ÿç´§è‡ªå·±çš„è§£è¯´å‘˜ï¼Œç¬¬äºŒçŸ­æ°´è·¯åŽå°±è¦åœ¨å²¸ä¸Šèµ°äº†ï¼Œè™½ç„¶æœ‰ç‚¹æ‹…å¿ƒè„šä¸‹ï¼Œä½†æ˜¯å› ä¸ºèº«è¾¹æœ‰äººå¹¶è¡Œè¿˜æ˜¯æ¯”è¾ƒä¸ä¼šç´§å¼ ï¼Œå¾ˆå®‰å…¨ã€‚æ¸©é¦¨æç¤ºå› ä¸ºå…‰çº¿æœ‰ç‚¹æš—ï¼Œäººåˆå¾ˆå¤šï¼Œæ‰€ä»¥è¦è®¤çœŸèµ°è·¯ï¼Œä¸è¦çŽ©æ‰‹æœºã€‚æ•´ä½“è¿˜æ˜¯æ¯”è¾ƒæ»¡æ„çš„ï¼Œæ´žé‡Œå‡‰çˆ½åŠäº†ï¼Œéƒ½ä¸æƒ³å‡ºæ¥â€¦
2016-05-31,æœªçŸ¥,5,æ‰€è°“æ¡‚æž—å±±æ°´ç”²å¤©ä¸‹ï¼Œé˜³æœ”å±±æ°´ç”²æ¡‚æž—ï¼Œæ¥åˆ°æ¡‚æž—å°±è¯¥è¦çœ‹å±±ï¼Œçœ‹æ°´ï¼Œçœ‹å¥‡çŸ³ã€‚ å¤©æ°”å¾ˆå¥½ï¼Œå’Œæœ‹å‹ä»¬éª‘ç€è„šè¸è½¦æ…¢æ¸¸æ•´ä¸ªé˜³æœ”åé‡Œç”»å»Šã€‚ä¸€è·¯æ¥åˆ°èšé¾™æ½­ã€‚ èšé¾™æ½­çš„ä½ç½®å¾ˆä¹Ÿå¥½ï¼Œè‡ªé©¾çš„ä¸€ä¸‹é«˜é€Ÿå°±åˆ°äº†ï¼Œå¾ˆæ–¹ä¾¿ã€‚è€Œä¸”èšé¾™æ½­æ™¯åŒºçš„åœè½¦åœºä¹Ÿæ˜¯æ•´ä¸ªé˜³æœ”æ™¯åŒºä¸­æœ€å¤§çš„ï¼Œå¾ˆæ°”æ´¾ã€‚ åˆ°æ™¯åŒºåŽï¼Œç”±æ™¯åŒºçš„å¯¼æ¸¸è®²è§£å‘˜å¸¦é¢†ï¼Œé¦–å…ˆæ˜¯ä¹˜èˆ¹å…¥æ´žã€‚æ˜¯ä¸€ä¸ªå¯ä»¥æ°´è·¯å…¼æ¸¸çš„æ™¯åŒºï¼Œå¾ˆç‰¹åˆ«ï¼Œè™½ç„¶æ°´è·¯ä¸æ˜¯å¾ˆé•¿æ—¶é—´ï¼Œä½†æ˜¯æ„Ÿå—ä¸€ä¸‹å°±è¡Œäº†ã€‚æ´žå†…çš„é’Ÿä¹³çŸ³é•¿å¾—å„åž‹å…¶æ€ï¼ŒåŠ ä¸Šç¯å…‰çš„æ•ˆæžœéžå¸¸çš„æ¼‚äº®ï¼Œæ¯”å¦‚ï¼šå¥‡å³°å€’å½±ï¼Œæµ·å¸‚èœƒæ¥¼ï¼Œæ°´æ™¶å®«ï¼Œé±¼è·ƒé¾™é—¨ç­‰ç­‰æ™¯ç‚¹éƒ½è®©äººè®°å¿†çŠ¹æ–°ã€‚å€¼å¾—æŽ¨èä¸€æ¸¸ã€‚
2016-05-22,æœªçŸ¥,4,èšé¾™æ½­ å¥‡çŸ³å®«æ™¯åŒºï¼Œè¿™ä¸ªæ˜¯å²©æ´žï¼Œåªè¦æ˜¯å²©æ´žï¼Œéƒ½è¦å¯¼æ¸¸å¸¦è¿›åŽ»çš„ï¼Œæ™¯åŒºå†…æœ‰æ•£å®¢å¯¼æ¸¸ï¼Œç„¶åŽå¥¹ä¼šç»™ä½ è®²è§£ï¼Œä¸å¼€å¿ƒçš„æ˜¯ï¼Œåˆ°æœ€åŽå¥¹ä¼šå¸¦ä½ è¿‘è´­ç‰©åŒºï¼Œç®¡å®ƒå‘¢ï¼Œæˆ‘åˆä¸æ˜¯è·Ÿå›¢çš„å•Šï¼Œæˆ‘ä»¥æˆ‘çš„ç»éªŒå‘Šè¯‰ä½ ï¼Œåƒä¸‡åˆ«çœ‹è´­ç‰©åŒºé‡Œçš„ä¸œè¥¿ï¼Œä¸ç„¶ä¹°ä¸‹ä½ å°±ä¼šåŽæ‚”äº†ã€‚å­¦ç”Ÿè¯42.5å…ƒã€‚
2020-04-07,æœªçŸ¥,3,é˜³æœ”èšé¾™æ½­ä½äºŽå¹¿è¥¿æ¡‚æž—é˜³æœ”åŽ¿åŸŽå—6å…¬é‡Œå¤„ï¼Œä¸»æ™¯åŒºä¸ºä¸€æº¶æ´žï¼Œå…ˆæ­¥è¡Œå…¥æ´žæ¸¸è§ˆï¼Œç„¶åŽå¯ä¹˜èˆŸå‡ºæ´žã€‚æº¶æ´žä¸æ˜¯å¾ˆæ·±ï¼Œä½†æ´žå†…é’Ÿä¹³çŸ³å‘è‚²å®Œå¥½ï¼Œåƒå§¿ç™¾æ€ï¼Œå½¢çŠ¶å„å¼‚ï¼Œå¤šå§¿å¤šå½©ã€‚
2016-03-13,æœªçŸ¥,5,æœ¬æ¥æ²¡æŠ±ä»€ä¹ˆæœŸå¾… æ²¡æƒ³åˆ°è¿˜ä¸å° è¿›å…¥è¿˜æœ‰ä¸¤æ®µéœ€è¦åèˆ¹ å…¶å®ƒå°±å’Œéƒ½ä¸€æ ·éœ€è¦ç¯å…‰åŠ æƒ³è±¡
2021-12-19,æœªçŸ¥,5,èšé¾™æ½­ï¼Œè¿™ä¸ªåå­—å¬èµ·æ¥å°±éžå¸¸å…·æœ‰çµæ°”ã€‚è¿™é‡Œæ˜¯ç”±é»‘å²©ã€æ°´å²©ç»„æˆï¼Œå› å²©çŸ³çš„å¤–è¡¨åƒé¾™ä¸€æ ·å§é¾™åœ¨è¿™é‡Œï¼Œå°±å¥½åƒçŠ¹å¦‚ç¥žé¾™è…¾äº‘ä¼¼çš„ã€‚æ‰€ä»¥è¢«äººä»¬ç§°ä¸ºâ€œèšé¾™æ½­â€ã€‚
2018-06-24,æœªçŸ¥,5,æ²¡åŽ»è¿‡çš„å¯ä»¥åŽ»çœ‹çœ‹ä¸åŒé£Žæ ¼çš„èˆ¹é™†ä¸¤æ¸¸æ™¯ç‚¹ï¼Œ
2018-09-11,æœªçŸ¥,3,çŽ°åœºè´­ç¥¨æ¯”è¾ƒè´µï¼Œç½‘ä¸Šè®¢ç¥¨ç›¸å¯¹åˆ’ç®—ã€‚ è¿›é—¨å‰å°±å¸®ä½ æ‹ä¸€å¼ ç…§ç‰‡ï¼Œå‡ºæ´žçš„æ—¶å€™ï¼Œå°±ä¼šæŠŠç…§ç‰‡æ”¾åœ¨å‡ºå£ï¼Œç»™ä¸€å®šçš„è´¹ç”¨å°±å¯ä»¥æ‹¿èµ°ç…§ç‰‡ï¼Œè€äººå®¶è§‰å¾—ä¸ä¹°ç…§ç‰‡ï¼Œåˆ«äººä¸çŸ¥é“ä¼šæ‹¿åŽ»å¹²ä»€ä¹ˆï¼ŒåŸºæœ¬éƒ½ä¼šè´­ä¹°ï¼Œå¦‚æžœä¸æ‰“ç®—ä¹°ï¼Œå°±ä¸è¦æ‹äº†ï¼Œä¹Ÿå…å¾—è¦äººå®¶ç™½åšäº‹ã€‚ èšé¾™æ½­ï¼Œç”±é»‘å²©ã€æ°´å²©ç»„æˆï¼Œå› å²©å¤–å¥‡å³°ç«žç§€å®›å¦‚ç¥žé¾™è…¾äº‘ã€å²©å†…ä¹³çŸ³å¤šå§¿å·§ä¼¼æ¸¸é¾™æˆæ°´è€Œå¾—åï¼Œ86ç‰ˆè¥¿æ¸¸è®°çš„é¾™å®«å°±æ˜¯åœ¨è¿™é‡Œæ‹æ‘„ã€‚éƒ¨åˆ†è·¯æ®µæ¯”è¾ƒæ¹¿æ»‘ï¼Œè¡Œèµ°è¦å°å¿ƒã€‚
2017-07-27,æœªçŸ¥,5,é¾™æ½­å…¶å®žå°±æ˜¯åŽ»çœ‹æ´žç©´ï¼Œå¯¼æ¸¸è¯´æœ‰ä¸€å¥è¯â€œæ¡‚æž—å½’æ¥ä¸çœ‹æ´žâ€ï¼Œè¯´çš„å°±æ˜¯è¿™é‡Œçš„å¡æ–¯ç‰¹åœ°è²Œä¸Žä¼—ä¸åŒã€‚èšé¾™æ½­åˆ†é»‘å²©å’Œæ°´å²©ä¸¤å¤§å²©æ´žã€‚å‰å°æ®µè·¯ç¨‹ä¹˜èˆ¹æ¸¸è§ˆã€‚æ‰€ä»¥æˆ‘ä»¬æ˜¯ä¹˜èˆ¹ä¸€æ®µï¼Œèµ°è·¯ä¸€æ®µã€‚é‡Œé¢å„ç§å¥‡å½¢æ€ªçŠ¶çš„é’Ÿä¹³çŸ³ï¼Œè¿˜æœ‰æµ·å¸‚èœƒæ¥¼çš„æƒ…æ™¯ã€‚åœ¨ç¯å…‰çš„çŽ¯å¢ƒä¸‹ï¼Œæ˜¾å¾—æ ¼å¤–æ¼‚äº®ï¼ŒçœŸçš„å¾ˆç¥žå¥‡ã€‚å¤§è‡ªç„¶çš„é¬¼æ–§ç¥žå·¥ï¼Œå€¼å¾—ç§°èµžã€‚äº”é¢œå…­è‰²çš„ç¯å…‰æ‰“ä¸ŠåŽ»æŒºæ¼‚äº®çš„ï¼Œå¯æƒœå¡ç‰‡æœºç…§ä¸å‡ºæ•ˆæžœã€‚äºŽæ˜¯è¿˜ä¹°äº†å‡ å¼ ç…§ç‰‡ã€‚è¿™é‡Œæ˜¯è¥¿æ¸¸è®°æ‹æ°´åº•é¾™å®«æ—¶çš„å–æ™¯åœ°ï¼Œçœ‹è¿‡è¥¿æ¸¸è®°çš„éƒ½ä¼šè§‰å¾—å¾ˆç†Ÿæ‚‰ã€‚è¿™ä¸ªçŸ³ç°å²©çš„åœ°è²Œï¼ŒçœŸæœ‰ç‚¹æ°´å¸˜æ´žçš„æ„Ÿè§‰ï¼Œå¾ˆå¥‡ç‰¹ã€‚è¿˜æ˜¯å€¼çš„æ¥æ­¤ä¸€çœ‹çš„ã€‚
2017-04-19,æœªçŸ¥,5,èšé¾™æ½­æœ‰è‘—åçš„é£Žæ™¯ç‚¹ï¼šé¾™å¥³è¿Žå®¾ï¼Œæ°´æ™¶å®«ï¼Œè€äººå¯»å®ï¼Œé“¶æ²³å¥‡å³°ï¼ŒèŸ æ¡ƒç››ä¼šï¼ŒçŸ³æž—å¥‡è§‚ï¼Œé¾™å®«çŽ‰ç ï¼Œæµ·ä¸Šæ˜Žæœˆï¼Œå­”é›€å¼€å±ï¼Œå¤©å¦ƒæŠ¤èˆªç­‰ä¸‰åå¤„ã€‚é…ä¸Šä¼˜ç¾Žçš„éŸ³ä¹å’Œç¯å…‰æ•ˆæžœï¼Œæ¸¸å®¢å³å¯è§‚å…‰ï¼Œåˆå¯ä¹˜èˆ¹èµæ™¯ï¼Œæœ‰ä¸€ç§åœ¨ä»™å¢ƒçš„æ„Ÿè§‰ã€‚èšé¾™æ½­ä¹Ÿæœ‰ä¸¤å¤„æ‹ç…§çš„åœ°æ–¹ï¼Œå¤–é¢æ˜¯å’Œé¾™çŽ‹åƒåˆç…§ï¼Œæ´žé‡Œé¢æ˜¯å’Œé¾™çŽ‹å®åº§åˆç…§ï¼Œæ´žé‡Œé¢é‚£å¼ è¦è´µäº›ï¼ŒåŒæ ·çš„ï¼Œä¸¤å¯¸å°ç…§ç‰‡æ˜¯ä¸è¦é’±çš„ï¼Œå¤§ç…§ç‰‡æ˜¯è¦é’±çš„ã€‚
2016-08-15,æœªçŸ¥,5,æˆ‘åŽ»äº†é˜³æœ”çš„èšé¾™æ½­åˆšèµ°è¿›é—¨ï¼Œå°±çœ‹åˆ°ä¸¤æ¡é¾™ä¼¸å‡ºåŒæ‰‹ï¼Œå¥½åƒåœ¨æ¬¢è¿Žæˆ‘ä»¬çš„åˆ°æ¥ï¼Œæ¥åˆ°å¹¿åœºä¸Šçœ‹åˆ°ä¸€æ ¹æŸ±å­ï¼Œä¹æ¡é¾™ç›˜ç»•åœ¨ä¸Šé¢ã€‚å˜´é‡Œåç€ä¸€é¢—é¾™ç ã€‚èµ°åˆ°æ´žå‰ä¸€è‚¡å¯’æ°”æ‰‘é¢è€Œæ¥ï¼Œæ´žé‡Œç¡®å®žå¾ˆå‡‰å¿«ï¼Œå¯ä»¥åèˆ¹æ¸¸ä¸¤æ®µï¼Œæ¸¸è§ˆæ—¶é—´å¤§æ¦‚æ˜¯40åˆ†é’Ÿå·¦å³ï¼Œæœ‰ç‚¹æ°´å¸˜æ´žçš„æ„Ÿè§‰ï¼ŒçœŸçš„å¾ˆå¥‡ç‰¹ï¼Œå¯èƒ½æ˜¯åœ¨ç¯å…‰çš„çŽ¯å¢ƒä¸‹ï¼Œæ˜¾å¾—æ ¼å¤–æ¼‚äº®ï¼Œä¸è¿‡çŸ³ç°å²©çš„åœ°è²Œï¼ŒçœŸçš„å¾ˆç¥žå¥‡çš„ï¼Œå¤§è‡ªç„¶çš„é¬¼æ–§ç¥žå·¥ï¼Œå€¼å¾—ç§°èµž
2016-07-29,æœªçŸ¥,4,äº”å½©ç¯å…‰ç…§åº”åœ¨é’Ÿä¹³çŸ³ä¸Šè¿˜æ˜¯å¾ˆç¾Žçš„ï¼Œåç€å°èˆ¹ä»Žæ´žå£ä¸€è·¯é£˜è¿›åŽ»ï½žå¤´é¡¶çš„é’Ÿä¹³çŸ³ä¼šå¾€ä¸‹æ»´æ°´ï¼Œæˆ–è®¸æ˜¯å› ä¸ºåœ¨åœ°ä¸‹ï¼Œæ‰€ä»¥æ´žé‡Œååˆ†åœ°é˜´å‡‰ï¼Œé¿æš‘èƒœåœ°ï½žä¹Ÿå·§çš„æ˜¯æœ‰è¿™ç¯å…‰çš„æ˜ å°„ï¼Œé’Ÿä¹³çŸ³æ‰æ˜¾å¾—å¦‚æ­¤å¹½æ·±â€¦â€¦
2015-10-21,æœªçŸ¥,4,èšé¾™æ½­è¯´æ˜¯4Aé£Žæ™¯åŒºï¼Œä½†æˆ‘æ˜¯æˆ‘è§‰å¾—å¹¿è¥¿çš„é£Žæ™¯åŒºéƒ½å¤ªè¿‡å•†ä¸šåŒ–äº†ï¼Œæ™¯åŒºé‡Œé¢çš„è´­ç‰©ç‚¹æ¯”æ™¯ç‚¹è¿˜è¦å¤š!!!ä½†æ˜¯é‡Œé¢çš„é’Ÿä¹³çŸ³çœŸçš„å¥½ç¾Žå¥½ç¾Žï¼Œä¹Ÿç®—ä¸æž‰æ­¤è¡Œäº†
2018-02-20,æœªçŸ¥,3,æ²¡å•¥æ„æ€ä¸€ä¸ªå°æº¶æ´žï¼Œå¦‚æžœæ‰“ç®—åŽ»é“¶å­å²©å°±åˆ«åŽ»èšé¾™æ½­äº†ï¼Œè¿™è¾¹æ™¯åŒºé€šé€šä¸€ä¸ªå¥—è·¯ï¼Œæ‹¿å…è´¹çš„è¯“éª—æ¸¸å®¢ç”¨è¿‡å†æ”¶è´¹ï¼Œé‡Œé¢ä¹Ÿä¸€æ ·ï¼Œå…è´¹æ‹ç…§ï¼Œç…§ç‰‡ç»™é’±ï¼Œå…è´¹ä¸Šé¦™ï¼Œå¡žä¸€ä¸ªèœ¡çƒ›ç»™ä½ ï¼Œç‚¹ç‡ƒä¹‹åŽé—®ä½ è¦30é¦™æ²¹é’±â€¦
2017-04-26,æœªçŸ¥,5,ä¹Ÿå«èšé¾™æ½­å¥‡çŸ³å®«ï¼Œä½äºŽå¤§æ¦•æ ‘å—0.3å…¬é‡Œï¼Œå²©å†…é’Ÿä¹³çŸ³ç³ç…å¤šå§¿ï¼Œå²©å¤–é’å±±éšéšï¼Œç»¿æ°´æ‚ æ‚ ï¼Œå®›å¦‚ç¾¤é¾™é©¾é›¾ï¼Œæ•…åâ€œèšé¾™æ½­â€ã€‚èšé¾™æ½­å†…ï¼Œè§‚èµçš„å†…å®¹å…¨æ˜¯æº¶æ´žæ™¯è§‚ã€‚èšé¾™æ½­åˆæ˜¯é˜³æœ”å¢ƒå†…å”¯ä¸€å¯å…¼æ°´é™†æ¸¸è§ˆçš„æº¶æ´žã€‚åœ¨è¿‘åƒç±³é•¿çš„æ¸¸é“ä¸­ï¼Œæœ‰çº¦å››åˆ†ä¹‹ä¸€çš„æ¸¸ç¨‹æ¸¸äººå¯ä¹˜èˆ¹æ¸¸è§ˆã€‚æ¸¸è§ˆæ—¶é—´çº¦å››ååˆ†é’Ÿã€‚ä¸»è¦æ™¯ç‚¹æœ‰ï¼šè€äººå®ˆå®ã€èŸ æ¡ƒç››ä¼šã€è´µå¦ƒæ–°æµ´ã€çŸ³æž—å¥‡è§‚ã€é¾™å®«çŽ‰æŸ±ã€æµ·å¸‚å”‡æ¥¼ç­‰å››åä½™å¤„ã€‚
2016-11-28,æœªçŸ¥,5,èšé¾™æ½­é£Žæ™¯åŒº ä»Žä¸€å¼€å§‹æ„Ÿè§‰å§ï¼Œè¿™ä¸ªæ™¯åŒºçœ‹èµ·æ¥è¿˜ä¸é”™ï¼Œå»ºç­‘ç¾¤åšçš„å¾ˆå£®è§‚ï¼Œå°¤å…¶æ˜¯å“ªä¸ªä»€ä¹ˆå›¾è…¾æŸ±ï¼Œç„¶åŽè¯´ä¹˜èˆ¹å…¥æ´žï¼Œæ„Ÿè§‰éƒ½è¿˜è›®å¥½çš„ï¼Œæº¶æ´žé‡Œé¢çš„æ™¯è‰²è¿˜æ˜¯å¾ˆç‰¹åˆ«çš„ï¼Œé‡è¦æ˜¯èƒ½å¤Ÿçœ‹åˆ°æµ·å¸‚èœƒæ¥¼çš„å¥‡è§‚è®©äººè§‰å¾—å¾ˆæ„å¤–~å½“æ—¶è·Ÿå›¢ä¸€èµ·åŽ»çš„ï¼Œè§‰å¾—è¿˜æ¯”è¾ƒå®žæƒ ~
2016-04-19,æœªçŸ¥,4,é—¨ç¥¨35å…ƒï¼Œäº”å½©ç¼¤çº·åªæ˜¯ç¯å…‰æ•ˆæžœï¼Œå¼€äº†é—ªå…‰ç¯å°±åŽŸå½¢æ¯•éœ²ï¼Œä¸å¾—ä¸è¯´ï¼Œå›½å†…çš„å²©æ´žéƒ½å·®ä¸å¤šæ˜¯è¿™æ ·ï¼Œè¿™ä¹Ÿæ˜¯æˆ‘ä»¬ä¸ºä»€ä¹ˆæ²¡æœ‰åŽ»ä¸ƒæ˜Ÿå²©çš„åŽŸå› ï¼ŒåŽé¢è®¡åˆ’çš„é“¶å­å²©ä¹Ÿå°±è¿™æ ·å¤­æŠ˜äº†ã€‚å½“ç„¶æˆ‘ä»¬è¿˜æ˜¯è¦æ„Ÿæ…¨ä¸€ä¸‹å¤§è‡ªç„¶çš„é¬¼æ–§ç¥žå·¥ï¼Œèšé¾™æ½­å’Œå…¶ä»–ç›¸æ¯”å”¯ä¸€æœ‰ç‚¹æ„æ€çš„åœ°æ–¹å°±æ˜¯ä¹˜èˆ¹æ¸¸è§ˆï¼Œä½ å¯ä»¥æ„Ÿå—åˆ°å°èˆ¹åœ¨é»‘ä¹Žä¹Žçš„æ°´é¢ä¸Šåˆ’åŠ¨ï¼Œå†°å†·çš„æ°´æ»´ä¸æ—¶ä»Žå¤´é¡¶çš„é’Ÿä¹³çŸ³ä¸Šæ»´åˆ°èº«ä¸Šï¼Œå°å¿ƒç›¸æœºå“¦~~æ®å¯¼æ¸¸è¯´æ­¤å¤„æ˜¯98å¹´è¥¿æ¸¸è®°ç»­é›†ä¸œæµ·é¾™å®«çš„å–æ™¯å¤„ï¼Œåæ°”ä¹Ÿè®¸å°±ç”±æ­¤è€Œæ¥å§ã€‚å‡ºå£æœ‰åªå¤§ä¹Œé¾Ÿï¼Œåœˆé’±çš„~~~åŠä¸ªå°æ—¶æ¸¸è§ˆæ—¶é—´ï¼Œä¸€å—é’±ä¸€åˆ†é’Ÿï¼Œä¸€å¯¸å…‰é˜´ä¸€å¯¸é‡‘å‘€ã€‚
2016-04-16,æœªçŸ¥,4,èšé¾™æ½­æ˜¯é˜³æœ”å¢ƒå†…å”¯ä¸€å¯å…¼æ°´é™†æ¸¸è§ˆçš„æº¶æ´žï¼Œé‡Œé¢æ‰“äº†å½©ç¯çš„é’Ÿä¹³çŸ³å§¿æ€åƒå¥‡ç™¾æ€ªã€‚æ¯ä¸€å—é’Ÿä¹³çŸ³éƒ½æœ‰è‡ªå·±çš„åå­—è‡ªå·±çš„æ•…äº‹ï¼Œå¬å¯¼æ¸¸è®²è§£åŽé ç€è‡ªå·±çš„æƒ³è±¡éžå¸¸æœ‰æ„æ€ã€‚æ­£æ‰€è°“ä¸‰åˆ†åƒï¼Œä¸ƒåˆ†æƒ³è±¡ã€‚ å½“å¹´è¥¿æ¸¸è®°åœ¨è¿™é‡Œé¢æ‹è¿‡ã€‚èµ°åœ¨è¿™æº¶æ´žé‡Œï¼Œæ‘¸ç€æ¹¿æ»‘å¸¦æ°´çš„é’Ÿä¹³çŸ³ï¼Œä¸çŸ¥é“ç¬¬ä¸€ä¸ªå‘çŽ°è¿™é‡Œçš„äººè¿›æ¥æ—¶æ˜¯ä»€ä¹ˆæ ·çš„æ„Ÿè§‰ã€‚ææƒ§ï¼ŸæƒŠå¹ï¼Ÿ
2016-04-02,æœªçŸ¥,5,æˆ‘ä»¬åŽ»çš„æ—¶å€™æ˜¯é›¨å­£æ´žé‡Œå¾ˆæ½®æ¹¿ï¼Œä¸€ç›´æ»´æ°´ï¼Œåèˆ¹çš„æ—¶å€™æœ€å¥½å¸¦ç‚¹å«ç”Ÿçº¸æ“¦å‡³å­ã€‚å¬è§£è¯´å‘˜è¯´è¿™é‡Œçš„çŸ³å¤´åœ¨æ»´æ°´è¯´æ˜Žè¿˜åœ¨ç”Ÿé•¿ã€‚é‡Œé¢çš„æµ·å¸‚èœƒæ¥¼åœ¨ç¯å…‰ä¸‹æ™¯è‰²å¾ˆç¾Žï¼Œæ™¯è‰²å¾ˆå¤šï¼Œå°±æ˜¯å¯¼æ¸¸èŠ‚å¥å¾ˆå¿«ï¼Œç›®ä¸æš‡æŽ¥ï¼Œæœ‰ç‚¹èµ°é©¬è§‚èŠ±äº†ã€‚èƒ½æ‹ç…§çš„æ™¯è‰²ä½ç½®éƒ½å¾ˆæ¼‚äº®ï¼Œé‡Œé¢å–ä¸œè¥¿çš„æ²¡æœ‰å¼ºåˆ¶æ¶ˆè´¹ï¼Œè¿˜ä¸é”™ã€‚
2016-03-25,æœªçŸ¥,5,èšé¾™æ½­æ™¯åŒºå°±åœ¨åé‡Œç”»å»Šä¹‹ä¸­ï¼Œç®—æ˜¯é˜³æœ”å¿…åŽ»çš„ä¸€ä¸ªæ™¯ç‚¹å§ã€‚å®ƒä½äºŽâ€œç©¿å²©å¤æ¦•â€ä¸Žâ€œæ˜Žæœˆå¥‡å³°â€ä¹‹é—´ï¼Œè¿™æ˜¯é˜³æœ”å”¯ä¸€ä¸€åº§å¯ä»¥æ°´é™†å¹¶æ¸¸çš„æº¶æ´žã€‚æ´žä¸­ä¸»è¦åˆ†é»‘å²©å’Œæ°´å²©ä¸¤ä¸ªéƒ¨åˆ†ï¼Œåœ¨åƒç±³é•¿çš„æ´žçªŸä¸­ï¼Œæœ‰çº¦å››åˆ†ä¹‹ä¸€å¯ä»¥é€šè¿‡èˆ¹æ¥æ¸¸è§ˆï¼Œå…¶ä¸­è‘—åçš„æ™¯ç‚¹å¤šè¾¾40å¤šå¤„ï¼Œä¹Ÿæ˜¯é˜³æœ”ç»å…¸æœ€å¯†é›†çš„ä¸€åº§æ´žçªŸã€‚è¿™é‡Œçš„æ™¯ç‚¹å¯è§å¤§è‡ªç„¶çš„é¬¼æ–§ç¥žå·¥ï¼Œå› ä¸ºè¿™é‡Œå¹¶æœªåŠ ä¸€ç‚¹äººå·¥çš„ä¿®é¥°ï¼Œè‡ªç„¶å¤©æˆè€Œåˆç•¥å«ç‘•ç–µçš„æ™¯è‰²åè€Œå‡¸æ˜¾äº†æœ´å®žçš„ä¸€é¢ï¼Œæˆä¸ºæ¡‚æž—å±±æ°´æœ€å…·ç‰¹è‰²çš„æ™¯ç‚¹ä¹‹ä¸€ã€‚
2016-03-03,æœªçŸ¥,5,èšé¾™æ½­ä½äºŽå¤æ¦•å…¬å›­ã€æœˆäº®å±±ä¹‹é—´ã€‚æ´žå†…æœ‰è®¸å¤šé’Ÿä¹³çŸ³çœ‹èµ·æ¥å¾ˆè±¡â€œé¾™â€ï¼Œæœ‰å§é¾™ã€ç›˜é¾™ã€æ¸¸é¾™ã€é£žé¾™ã€é‡‘é¾™ã€çŽ‰é¾™ã€é¾™çŽ‹ã€é¾™å¥³ç­‰ç­‰ï¼Œå½¢æ€æƒŸå¦™æƒŸè‚–ï¼Œè€Œâ€œèšé¾™æ½­â€çš„åç§°ä¹Ÿç”±æ­¤è€Œæ¥ã€‚æ˜¯é˜³æœ”å¢ƒå†…å”¯ä¸€å¯â€œä¸€æ´žæ°´é™†ä¸¤æ¸¸â€çš„åœ°æ–¹ã€‚åœ¨æ´žå¤´ï¼Œæ¸¸å®¢å¯åæ¸¸èˆ¹ç»åœ°ä¸‹è¿›å…¥æ´žå†…ï¼Œç„¶åŽæ­¥è¡Œå‚è§‚é’Ÿä¹³çŸ³å¥‡æ™¯ã€‚
2015-10-28,æœªçŸ¥,4,å› å²©å¤–å¥‡å³°ç«žç§€å®›å¦‚ç¥žé¾™è…¾äº‘ï¼Œå²©å†…ä¹³çŸ³å¤šå§¿ï¼Œå·§ä¼¼æ¸¸é¾™æˆæ°´ï¼Œæ•…å–åèšé¾™æ½­ ã€‚èšé¾™æ½­ çš„æ™¯ç‰©ï¼Œå…¨ç³»é¬¼æ–§ç¥žå·¥ï¼Œä¸å‡äººåŠ›é›•é¥°ã€‚ä¸»è¦æ™¯ç‚¹æœ‰ï¼šé¾™å¥³è¿Žå®¾ï¼Œæ°´æ™¶å®«ï¼ŒçŸ³æž—å¥‡è§‚ï¼Œæµ·å¸‚èœƒæ¥¼ï¼Œå­”é›€å¼€å±ï¼Œå«¦å¨¥å¥”æœˆç­‰ä¸‰åä½™å¤„ã€‚åœ¨å½©è‰²ç¯å…‰çš„æ˜ è¡¬ä¸‹ï¼Œä»¿ä½›ç½®èº«ä»™å¢ƒã€‚
2023-04-19,å¹¿è¥¿,5,èšé¾™æ½­åå­—èµ·çš„å“äº®ï¼æ™¯è‰²çœŸç¾Žï¼
2020-08-30,æœªçŸ¥,4,åƒè¿™ä¹ˆæ™®é€šçš„å±±æ°´ï¼Œæ¡‚æž—æ¯”æ¯”çš†æ˜¯ã€‚è¿™é‡Œç‰¹æ„ç•™å¿µå®Œå…¨å› ä¸ºä»–çš„é˜´é˜³ä¸¤è‰²æ°´ã€‚
2017-11-30,æœªçŸ¥,5,ä»Šå¤©æ¸¸è§ˆäº†èšé¾™æ½­æ™¯åŒºï¼Œæ€»çš„æ¥è¯´æ•ˆæžœè¿˜æ˜¯å¯ä»¥çš„ï¼Œç‰¹åˆ«æ˜¯å¯ä»¥å…ˆåèˆ¹æ¸¸ä¸€æ®µï¼Œå†èµ°è·¯ï¼Œè™½ç„¶åèˆ¹æ—¶é—´å¹¶ä¸é•¿ï¼Œåœ¨æ¸¸è§ˆåˆ°ä¸€æ®µä¹‹åŽï¼Œå¯¼æ¸¸è¿˜åœ¨æ´žé‡Œç»™æˆ‘ä»¬å”±äº†åˆ˜ä¸‰å§çš„æ­Œï¼Œè™½ç„¶æŒºçŸ­çš„ä¸€é¦–æ­Œï¼Œä½†å¬ç€è¿˜å¥½ï¼Œåœ¨æ´žé‡Œé¢å¯ä»¥çœ‹åˆ°å„ç§å„æ ·å½¢æ€çš„çŸ³å¤´ï¼Œæ´žé‡Œè¿˜ä¼šæœ‰æ»´æ°´ï¼Œå¯¼æ¸¸è¯´é‚£æ˜¯å› ä¸ºæœ‰äº›çŸ³å¤´è¿˜åœ¨ç”Ÿé•¿ï¼Œå› ä¸ºçŽ°åœ¨è¿™ä¸ªå­£èŠ‚æ¥äººå¥½åƒå°‘äº›ï¼Œè‡ªå·±ä¸€ä¸ªäººèµ°åœ¨åŽé¢å›žå¤´çœ‹æ²¡äººå½±æ„Ÿè§‰è¿˜æ˜¯æœ‰ç‚¹æ€•ï¼ŒåŒ†åŒ†çš„æ‹ç‚¹ç…§åŽå°±è¿½ä¸Šå¤§éƒ¨é˜Ÿäº†ï¼Œæ‰€ä»¥è¯´æ¸¸è§ˆæ´žé‡Œé¢çš„æ—¶å€™è¿˜æ˜¯è¦è·Ÿå¥½å¯¼æ¸¸çš„æ­¥ä¼ã€‚
2017-09-22,æœªçŸ¥,5,ä»Šå¤©å‚è§‚äº†èšé¾™æ½­æ™¯åŒºï¼Œæ„Ÿè§‰åœ¨è¿™æ ·ç‚Žçƒ­çš„å¤å­£æ¸¸è§ˆè¿˜æ˜¯ä¸é”™çš„ï¼Œé¦–å…ˆï¼Œæˆ‘ä»¬æ˜¯å…ˆåèˆ¹åˆ°é‡Œé¢çš„å²©æ´žï¼Œå¶å°”é‡Œé¢çš„é’Ÿä¹³çŸ³è¿˜ä¼šæ»´æ°´ä¸‹æ¥ï¼Œè®²è§£å‘˜è¯´è¿™æ˜¯å› ä¸ºé’Ÿä¹³çŸ³è¿˜åœ¨ç”Ÿé•¿çš„åŽŸå› ï¼Œæ„Ÿè§‰å¥½ç¥žå¥‡å“¦ï¼ä¹Ÿæ„Ÿå¹å¤§è‡ªç„¶çš„é¬¼æ–§ç¥žå·¥ï¼å€¼å¾—æŽ¨èï¼
2017-05-31,æœªçŸ¥,5,åœ¨è¿™ç§ç‚Žçƒ­çš„å¤å­£ï¼Œæ¸¸è§ˆå²©æ´žè‚¯å®šæ˜¯æœ€èˆ’æœçš„ï¼Œè¿™ä¸ªèšé¾™æ½­æ™¯åŒºæ˜¯å…ˆä¹˜èˆ¹ï¼Œå†è¿›åˆ°å²©æ´žé‡Œï¼Œåœ¨èˆ¹ä¸Šæ„Ÿè§‰åƒæ˜¯å†°çª–çˆ½åŠäº†ï¼Œæ´žé‡Œçš„ç¯å…‰æ•ˆæžœå¾ˆç¾Žï¼ŒçŸ³å¤´æ‘¸èµ·æ¥ä¹Ÿæ˜¯å‡‰å‡‰çš„ï¼Œåƒè¿™ç§é‚£ä¹ˆçƒ­çš„å¤©è¦æ˜¯èƒ½åœ¨è¿™é‡Œç¡ä¸ªåˆè§‰é‚£ä¸ç¾Žæ­»äº†ï¼Œæˆ‘æ‹¿è‡ªå·±çš„å•åç…§çš„ç›¸ç‰‡æ•ˆæžœè¿˜æ˜¯è›®å¥½çš„ï¼Œé‚£ä¸ªé‡Œé¢ä¹Ÿæœ‰ä¸“ä¸šç…§ç›¸çš„ï¼Œä¹Ÿä¸è´µï¼Œæ‰10å—ï¼Œä¸è¿‡è¦ç…§å¾—å¥½çœ‹æ‰è¦å‘¢ï¼å€¼å¾—æŽ¨èä¸€ä¸ªæ™¯åŒºã€‚
2017-02-06,æœªçŸ¥,5,èšé¾™æ½­æ˜¯å¦ä¸€ä¸ªæ¼‚äº®çš„æº¶æ´žï¼Œæˆ‘å–œæ¬¢~suki~å¯ä»¥ä¹˜èˆ¹çœ‹æ´žé¡¶å’Œèº«è¾¹çš„é’Ÿä¹³çŸ³ã€‚æ—¶ä¸æ—¶ä¼šæœ‰æ´žé¡¶çš„æ°´æ»´æ»´åœ¨å±±ä¸Šï¼Œæœ‰ä¸€ç‚¹å°å‡‰å¿«ã€‚å†ä¸Šå²¸åŽï¼Œå› ä¸ºæ˜¯5.1ä¹ˆï¼Œæ¸¸äººå¾ˆå¤šï¼Œå¤§å®¶å¾ˆå®¹æ˜“çš„å°±æŠŠæˆ‘ä»¬æŒ¤åˆ°äº†é˜Ÿå°¾ï¼Œç¬¬äºŒæ®µæ°´è·¯æ²¡æœ‰ååˆ°èˆ¹ï¼Œæ±—...æŽ¥ä¸‹æ¥çš„å°±åœ¨å²¸ä¸Šèµ°äº†ï¼Œè™½ç„¶æœ‰ç‚¹æ‹…å¿ƒè„šä¸‹ï¼Œä½†æ˜¯å› ä¸ºèº«è¾¹æœ‰äººå¹¶è¡Œè¿˜æ˜¯æ¯”è¾ƒä¸ä¼šç´§å¼ ã€‚å…‰çº¿å¾ˆæš—ï¼Œäººåˆå¾ˆå¤šçš„åœ°æ–¹è¦è®¤çœŸèµ°è·¯ï¼Œä¸è¦çŽ©æ‰‹æœºï¼Œæ€»è§‰å¾—é‚£æ ·åšä¼šæ‘”å€’æˆ–è€…ç¢°å¤´çš„ï¼Œè®°å¾—ã€‚è‡ªè®¤ä¸ºè‡ªå·±æ˜¯å¯¹æ„Ÿè§‰å¾ˆæ•æ„Ÿçš„å­©å­ï¼Œæ‰€ä»¥ï¼Œåœ¨æº¶æ´žï¼Œå­©å­ä»¬ä¸€èµ·æ­¥è¡Œçš„æ—¶å€™ï¼Œé‚£æ—¶å€™å°±æ„Ÿè§‰å·²ç»æ˜¯æœ‹å‹äº†ã€‚æˆ‘å¾ˆçè§†è¿™ç§æœ‰ç‚¹åƒèæ°´ç›¸é€¢çš„ç¼˜åˆ†ã€‚
2016-10-28,æœªçŸ¥,5,åˆ°äº†èšé¾™æ½­ï¼Œè¿™æ˜¯ä¸€ä¸ªéœ€è¦åèˆ¹æ‰èƒ½è¿›æ´žçš„æ™¯åŒºã€‚èšé¾™æ½­æ°´é™†å…¼ç¨‹ä¸€åƒç±³ï¼Œæ´žå†…ç©¹é¡¶æœ€é«˜å¤„æœ‰25ç±³ï¼Œæœ€å®½å¤„30ç±³å·¦å³ï¼Œå› ä¸ºæ— æ•°æ·‹æ¼“å¤šå§¿çš„é’Ÿä¹³çŸ³å¥½åƒå§¿æ€ä¸‡åƒçš„é¾™ï¼ŒåŠ ä¸Šé‡Œæœ‰æ°´æ½­ï¼Œç¾Žå…¶åæ›°â€èšé¾™æ½­â€œç¼ºä¹æƒ³è±¡åŠ›çš„æˆ‘ä»¬åªèƒ½å‡­ç€é’Ÿä¹³çŸ³å‰çš„ç‰Œå­ï¼Œå°½åŠ›åŽ»æƒ³è±¡å®ƒä»¬å©€å¨œå¤šå§¿çš„å½¢æ€äº†
2016-09-19,æœªçŸ¥,5,æ™¯ç‚¹æŒºä¸é”™ï¼Œå‰é¢æ˜¯åèˆ¹åˆ°å²©æ´žï¼Œå…¨ç¨‹æœ‰å¯¼æ¸¸ï¼Œä»‹ç»å„ç§çŸ³å¤´ï¼Œä»‹ç»ä¸€äº›è¯´æ³•ï¼Œå› ä¸ºè¦å‡‘ä¸€èˆ¹äººï¼Œæ‰€ä»¥å¤§æ¦‚è¦ç­‰åå‡ åˆ†é’Ÿï¼Œè¿æ°”å¥½çš„ï¼Œå°±åˆšå¥½èµ¶ä¸Šã€‚é‡Œé¢æœ‰ä¸ªæ‹ç…§çš„ç‚¹å¾ˆæ¼‚äº®ï¼Œæ˜¯çŸ³å¤´çš„å€’å½±ï¼Œé™é™åœ°çœ‹é‚£æ°´é‡Œå°±ä»¿ä½›è‡ªå·±åœ¨é‚£ä¸ªæµ·åº•ä¸–ç•Œä¸€èˆ¬ï¼Œæ€»ä½“æ„Ÿè§‰è¿˜å¥½çš„ã€‚å…¶å®žé‡Œé¢å¥½å¤šçŸ³å¤´æ˜¯éœ€è¦æ…¢æ…¢å“æ‰ä¼šå‘çŽ°å®ƒçš„å¦™å“‰ã€‚
2017-03-10,æœªçŸ¥,5,"å²©å†…é’Ÿä¹³çŸ³ç³ç…å¤šå§¿ï¼Œå²©å¤–é’å±±éšéšï¼Œç»¿æ°´æ‚ æ‚ ï¼Œå®›å¦‚ç¾¤é¾™é©¾é›¾ï¼Œæ•…å""èšé¾™æ½­""ã€‚èšé¾™æ½­å†…ä¸€èˆ¬æº¶æ´žæ‰€æœ‰çš„çŸ³èŠ½ã€é’Ÿä¹³ã€ç©´ç ã€ç€‘å¸ƒã€è½æ°´æ´žã€åœ°ä¸‹æ²³ç­‰ç­‰çš†å¯è§åˆ°ï¼Œç¾Žä¸èƒœæ”¶"
2018-10-09,æœªçŸ¥,5,å°±æ˜¯æ™®é€šçš„å²©æ´žï¼Œä½†æ˜¯è¿˜æ˜¯æ¯”è¾ƒæµå…‰æº¢å½©ï¼Œæ‹ç…§ç‚¹å¤šè´­ç‰©ç‚¹å¤š
2017-03-09,æœªçŸ¥,4,é‡Œé¢æ²¡ä»€ä¹ˆå¥½çœ‹çš„ï¼Œæœ‰äº›æ‹ç…§éƒ½è¦æ”¶è´¹
2020-07-29,æœªçŸ¥,5,æ¸¸è§ˆåé‡Œç”»å»Šï¼Œæº¶æ´žæ˜¯å¿…ä¸å¯å°‘çš„ï¼Œè™½è¿™ä¸ªæº¶æ´žä¸ç®—æœ€ç¾Žï¼Œä½†èƒœåœ¨è¿‘ï¼Œä¸ç”¨è·‘å¤ªè¿œåœ°æ–¹åŽ»çœ‹ï¼Œåœ¨æºç¨‹ä¸Šä¹°ç¥¨ä¾¿å®œå¾ˆå¤šã€‚å€¼å¾—æŽ¨èï¼Œä½“éªŒå¾ˆå¥½ï¼Œ
2016-02-11,æœªçŸ¥,5,å€Ÿç€è¿‡å¹´æœŸé—´è·¯æ¡¥è´¹å…è´¹åŽ»è¿™é‡Œæ—…æ¸¸ä¸€ç¿»ï¼éžå¸¸ç¾Žä¸½çš„æ™¯è‰²ä»¤äººæƒŠå¹ï¼
2018-05-31,æœªçŸ¥,5,èšé¾™æ½­æ™¯åŒºçŽ°åœ¨åŽ»çŽ©çš„è¯å¾ˆå‡‰å¿«ï¼Œæˆ‘ä»¬æ˜¯ä»Žåé‡Œç”»å»Šéª‘è‡ªè¡Œè½¦è¿‡åŽ»çš„ï¼Œæ´žé‡Œé¢çš„è¯æœ‰å¥½å¤šå¥‡å½¢æ€ªçŠ¶çš„çŸ³å¤´ï¼Œè§£è¯´å‘˜è¯´è¿™äº›å«é’Ÿä¹³çŸ³ï¼Œæœ‰æ»´æ°´çš„è¯è¯´æ˜Žå®ƒæ¯å¹´è¿˜åœ¨ç”Ÿé•¿ï¼Œé‡Œé¢æœ‰å¤„ç€‘å¸ƒçš„åœ°æ–¹æˆ‘è§‰å¾—å¾ˆæ¼‚äº®ï¼Œæ²¡æƒ³åˆ°åœ¨æ´žé‡Œé¢è¿˜èƒ½çœ‹åˆ°è¿™æ ·çš„æ™¯è±¡ï¼Œä»Žæ´žé‡Œé¢å‡ºæ¥åŽçž¬é—´æ„Ÿè§‰å¤–é¢çƒ­æƒ¨äº†ï¼ŒçœŸæƒ³åœ¨æ´žé‡Œé¢å‘†ç€äº†ï¼Œæ¸¸è§ˆæ„Ÿè§‰è¿˜æ˜¯ä¸é”™çš„ï¼Œé¿æš‘ä¹‹é€‰
2018-04-28,æœªçŸ¥,5,èšé¾™æ½­ä½äºŽå¤æ¦•å…¬å›­ã€æœˆäº®å±±ä¹‹é—´ï¼Œç”±é»‘å²©å’Œæ°´å²©ä¸¤å¤§å²©æ´žç»„æˆï¼Œæ˜¯é˜³æœ”å¢ƒå†…å”¯ä¸€çš„â€œä¸€æ´žæ°´é™†ä¸¤æ¸¸â€çš„åœ°æ–¹ï¼Œä¹Ÿæ˜¯â€œè—é¾™å§è™Žâ€æœ€å¤šçš„åœ°æ–¹ã€‚æ°´é™†å…¼ç¨‹ä¸€åƒç±³ï¼Œæ´žå†…ç©¹é¡¶æœ€é«˜å¤„æœ‰25ç±³ï¼Œæœ€å®½å¤„30ç±³å·¦å³æ— æ•°æ¡é’Ÿä¹³çŸ³å¾ˆè±¡â€œé¾™â€ï¼Œæœ‰å§é¾™ã€ç›˜é¾™ã€æ¸¸é¾™ã€é£žé¾™ã€èˆžé¾™ã€é‡‘é¾™ã€çŽ‰é¾™ã€é’é¾™ã€é»„é¾™ã€é¾™çŽ‹ã€é¾™å¥³ã€é¾™å­ã€é¾™å­™ï¼Œæ•°ä¸èƒœæ•°ï¼Œå½¢æ€é€¼çœŸï¼ŒæƒŸå¦™æƒŸè‚–ã€‚å…ˆå…¥æ´žå¾’æ­¥è§‚å…‰ï¼Œç„¶åŽåèˆ¹ï¼Œé¡ºåœ°ä¸‹æ²³ç”±åŽæ´žå‡ºæ¥ï¼Œä¸Šä¸‹é«˜ä½Žè½å·®å‡ åç±³ã€‚å²©æ´žé‡Œæœ‰æ— åº•æ·±æ½­ã€‚
2018-04-08,æœªçŸ¥,4,è¿˜æ˜¯ä¸é”™çš„ï¼Œå°±æ˜¯åœ¨æ´žé‡Œæœ‰ç‚¹å‘çˆ¹ï¼Œæ‹ç…§ä¸€å¼€å§‹æ˜¯20å…ƒï¼ŒåŽæ¥å†èµ°è¿›åŽ»ä¸€ç‚¹æœ‰ä¸€ä¸ªåå…ƒçš„ã€‚å¿ƒé‡Œæƒ³ï¼Œæ—©çŸ¥é“åˆšæ‰20å…ƒé‚£ä¸ªä¸æ‹äº†ã€‚ç„¶åŽå°±æ˜¯æ‹œç¥žè¿™ä¸ªæœ‰ç‚¹å¼ºåˆ¶æ€§çš„æ„Ÿè§‰ï¼Œåæ­£å°±ç»™ä½ é€’é¦™ï¼Œä½ ä¸æ‹œåˆå¥½åƒä¸å¥½ï¼Œç„¶åŽè¿™ä¸ªéšæ„ç»™é’±ï¼ŒåŽé¢åˆç»™ä½ ä¸€ä¸ªèŽ²èŠ±ç‚¹èœ¡çƒ›çš„æ‹œç¥žï¼Œå°±å¿…é¡»ç»™30å…ƒã€‚é™¤äº†è¿™ç‚¹è®©æˆ‘ä¸æ˜¯å¾ˆæ»¡æ„ï¼Œå…¶ä»–éƒ½è¿˜å¥½ã€‚æœ‰ä¸€ä¸ªæ˜¯åå­—ä½œç”»ï¼Œç¡®å®žæŒºæœ‰æ‰çš„é‚£ä¸ªå·¥ä½œäººå‘˜ï¼Œä½†æ˜¯é‚£å¹…ç”»è¦è¿‡èƒ¶å±…ç„¶25ï¼Œå¤ªè´µå•¦ã€‚å‰é¢ç…§ç‰‡ä¹Ÿæ˜¯ï¼Œæ¯å¼ è¿‡èƒ¶2å…ƒã€‚æ€»ä½“è¿˜ç®—æ»¡æ„ï¼Œæºç¨‹è¦æå‰ä¸€å¤©è®¢ç¥¨ï¼Œç®—ä¸Šä¾¿å®œçš„ä¸¤ä¸ªäºº80å…ƒã€‚
2017-08-08,æœªçŸ¥,5,èšé¾™æ½­ï¼Œç”±é»‘å²©ã€æ°´å²©ç»„æˆï¼Œå› å²©å¤–å¥‡å³°ç«žç§€å®›å¦‚ç¥žé¾™è…¾äº‘ã€å²©å†…ä¹³çŸ³å¤šå§¿å·§ä¼¼æ¸¸é¾™æˆæ°´è€Œå¾—åï¼Œæ˜¯å›½å®¶4Açº§æ—…æ¸¸æ™¯åŒºã€‚èšé¾™æ½­ä½äºŽé©¬å±±è„šä¸‹å¤§æ¦•æ ‘å—0.3å…¬é‡Œï¼Œå²©å†…é’Ÿä¹³çŸ³ç³ç…å¤šå§¿ï¼Œæœ‰çŸ³å·§ä¼¼æ¸¸é¾™æˆæ°´ï¼›å²©å¤–é’å±±éšéšï¼Œç»¿æ°´æ‚ æ‚ ï¼Œå®›å¦‚ç¾¤é¾™é©¾é›¾ï¼Œæ•…åâ€œèšé¾™æ½­â€ã€‚
2017-07-21,æœªçŸ¥,5,èšé¾™æ½­æº¶æ´žæ™¯è§‚é¬¼æ–§ç¥žå·¥ï¼Œä¸å‡äººåŠ›é›•é¥°ï¼Œä¸»è¦æ™¯ç‚¹æœ‰ï¼šé¾™å¥³è¿Žå®¾ï¼Œæ°´æ™¶å®«ï¼Œè€äººå®ˆå®ï¼Œé“¶æ²³å¥‡å³°ï¼ŒèŸ æ¡ƒç››ä¼šï¼Œè´µå¦ƒæ–°æµ´ï¼ŒçŸ³æž—å¥‡è§‚ï¼Œé¾™å®«çŽ‰æŸ±ï¼Œæµ·ä¸Šæ˜Žæœˆï¼Œæµ·å¸‚èœƒæ¥¼ï¼Œå­”é›€å¼€å±ï¼Œå¤©å¦ƒæŠ¤èˆªï¼Œéº»å§‘çŒ®å¯¿ï¼Œä»™å¢ƒæ™¨æ›¦ï¼Œé›ªèŽ²å€’å¼€ï¼Œå«¦å¨¥å¥”æœˆï¼ŒçŽ‰å‡¤æ‰¿éœ²ï¼Œé‡‘é¸¡æŠ¥æ™“ï¼Œç¾¤é¾™é€å®¢ç­‰ä¸‰åä½™å¤„ã€‚
2017-06-30,æœªçŸ¥,5,èšé¾™æ½­æ˜¯åˆšåšèˆ¹è¿›åŽ»çš„æ—¶å€™å°±åƒæ˜¯æ°´å¸˜æ´žä¸€æ ·ï¼Œä¸€ç›´æœ‰æ»´æ°´ï¼Œè€Œä¸”é‚£ä¸ªæ°´æ»´åœ¨èº«ä¸Šå°±åƒå†°æ°´ä¸€æ ·é€å¿ƒå‡‰ï¼Œåªæ˜¯åèˆ¹çš„è·¯ç¨‹ä¸é•¿ï¼Œä¸ç„¶è‚¯å®šä¼šè¢«æ·‹å¾—å¾ˆæ¹¿ï¼Œè¿›åˆ°æ´žé‡Œé¢å¬ç€å¯¼æ¸¸çš„ä»‹ç»å¥½åƒæ˜¯åˆå¥½åƒä¸å¤ªåƒï¼Œåæ­£çŸ³å¤´è¿™ç§ä¸œè¥¿æˆ‘æ˜¯ä¸å¤ªäº†è§£çš„ï¼Œä½†é‡Œé¢çš„ç¯å…‰æ•ˆæžœä¸é”™ï¼Œçœ‹ç€è¿˜æ˜¯è›®æƒŠè‰³çš„ï¼Œè¶Šå¾€é‡Œèµ°è¶Šæ„Ÿè§‰å‡‰å‡‰çš„ï¼Œè¦ä¸æ˜¯æœ‰è¿™ä¹ˆå¤šäººå’Œç¯å…‰çš„è¡¬æ‰˜ï¼Œè¿˜çœŸåƒé¬¼ç‰‡é‡Œé‚£ç§æ¯›éª¨æ‚šç„¶çš„é˜´å‡‰æ„Ÿ
2017-04-18,æœªçŸ¥,5,èšé¾™æ½­åœ¨å¹¿è¥¿é˜³æœ”åŸŽå—æ¡‚è”å…¬è·¯å…­å…¬é‡Œå¤„ï¼Œä»‹äºŽè‘—åé£Žæ™¯ç‚¹â€ç©¿å²©å¤æ¦•â€œã€â€æ˜Žæœˆå¥‡å³°â€œä¹‹é—´ã€‚ç”±é»‘å²©ã€æ°´å²©ç»„æˆï¼Œå…¼æ°´é™†ä¹‹èƒœã€‚å› å²©å¤–å¥‡å³°ç«žç§€å®›å¦‚ç¥žé¾™è…¾äº‘ï¼Œå²©å†…ä¹³çŸ³å¤šå§¿ï¼Œå·§ä¼¼æ¸¸é¾™æˆæ°´ï¼Œæ•…å–åèšé¾™æ½­ã€‚èšé¾™æ½­çš„æ™¯ç‰©ï¼Œå…¨ç³»é¬¼æ–§ç¥žå·¥ï¼Œä¸å‡äººåŠ›é›•é¥°ã€‚èšé¾™æ½­ä¸»è¦æ™¯ç‚¹æœ‰ï¼šé¾™å¥³è¿Žå®¾ï¼Œæ°´æ™¶å®«ï¼Œè€äººå®ˆå®ï¼Œé“¶æ²³å¥‡å³°ï¼ŒèŸ æ¡ƒç››ä¼šï¼Œè´µå¦ƒæ–°æµ´ï¼ŒçŸ³æž—å¥‡è§‚ï¼Œé¾™å®«çŽ‰æŸ±ï¼Œæµ·ä¸Šæ˜Žæœˆï¼Œæµ·å¸‚èœƒæ¥¼ï¼Œå­”é›€å¼€å±ï¼Œå¤©å¦ƒæŠ¤èˆªï¼Œéº»å§‘çŒ®å¯¿ï¼Œä»™å¢ƒæ™¨æ›¦ï¼Œé›ªèŽ²å€’å¼€ï¼Œå«¦å¨¥å¥”æœˆï¼ŒçŽ‰å‡¤æ‰¿éœ²ï¼Œé‡‘é¸¡æŠ¥æ™“ï¼Œç¾¤é¾™é€å®¢ç­‰ä¸‰åä½™å¤„ã€‚åŠ ä¸Šé…ä»¥ä¼˜ç¾Žçš„éŸ³ä¹ä¸Žå½©è‰²çš„ç¯å…‰ï¼Œæ¸¸å®¢æ—¢å¯ç­–æ–è§‚å…‰ï¼Œåˆå¯ä¹˜èˆ¹èµæ™¯ï¼Œå¤§æœ‰ç½®èº«ä»™å¢ƒä¹‹æ„Ÿã€‚
2017-01-06,æœªçŸ¥,4,èšé¾™æ½­ æ˜¯æ¡‚æž—é˜³æœ”çš„ä¸€é¢—æ–°ç”Ÿçš„å´”ç¿æ˜Žç ï¼Œå²©å†…æ´žåºœåˆ†æ°´é™†ä¸¤å±‚ï¼Œå…¶ä¸­å¹¿å¯’æ·±å®«ï¼Œé‡‘é“¶ç¾¤å¡”ï¼ŒæƒŠå³»å¤©æ¡¥ï¼Œé›ªå±±ç€‘å¸ƒï¼ŒéŸ³ä¹çŸ³å±ï¼ŒçŽ‰æ ‘ç¼æžï¼ŒåŒæŸ±æ“Žå¤©æ›´æ˜¯ä»¤äººå¹ä¸ºè§‚æ­¢ã€‚è¦è®²è¿°æ¡‚æž—äººä¸€ä¸‡å¤šå¹´å‰ç”„çš®å²©äººæ–‡åŒ–å¤è¿¹åŠå½“æ—¶ç”Ÿæ´»çŠ¶å†µçš„å†çŽ°åœºæ™¯.
2016-12-26,æœªçŸ¥,5,åˆåŽ»ä¹‹æ—¶æ°é€¢å¤©é«˜äº‘æ·¡ä¹‹æ—¥ï¼Œæ­£æ˜¯æ¡‚æž—äºŒæœˆï¼Œéšç€æˆ‘ä»¬ä¸€ç¾¤å­©å­å¬‰é—¹çš„å£°éŸ³åˆ°è¾¾äº†èšé¾™æ½­çš„é—¨å£ï¼Œæ¸¸äººä¸å¤šã€‚ä¸€ç¾¤åŒ—æ–¹çš„å­©å­ç«Ÿè¢«è¿™çŸ³å¤´è¿·äº†çœ¼ï¼Œè´ªå©ªçš„å¸é£Ÿç€è¿™é‡Œçš„ç©ºæ°”ï¼Œæƒ³è¦å¼ å¼€åŒè‡‚å¤§å–Šï¼Œä½†åˆæ€•æƒŠæ‰°äº†æ¸¸äººï¼Œå¿ƒé‡Œä¸çŸ¥ä¸è§‰å°±é™äº†ä¸‹æ¥ã€‚å¥½å¥‡çš„å¼ æœ›å››å‘¨ï¼Œå¬ç€å¯¼æ¸¸ä¸ºæˆ‘ä»¬ä»‹ç»è¿™é‡Œçš„ä¸€åˆ‡ä¸€åˆ‡ï¼Œè¢«é‚£é’Ÿä¹³çŸ³çš„å½¢æˆçš„å½¢çŠ¶ä¸Žä¸€æ‰€æƒŠå¹ï¼Œä¸ºé€ ç‰©ä¸»çš„ç¥žå¥‡æ‰€è†œæ‹œã€‚ç¯å…‰æ‰“åœ¨é’Ÿä¹³çŸ³ä¸Šï¼Œæ¯ä¸ªè§’åº¦éƒ½èƒ½çœ‹åˆ°ä¸ä¸€æ ·çš„ä¸œè¥¿ã€‚
2016-07-22,æœªçŸ¥,5,èšé¾™æ½­åœ¨å¹¿è¥¿é˜³æœ”åŸŽå—æ¡‚è”å…¬è·¯å…­å…¬é‡Œå¤„ï¼Œä»‹äºŽè‘—åé£Žæ™¯ç‚¹â€ç©¿å²©å¤æ¦•â€œã€â€æ˜Žæœˆå¥‡å³°â€œä¹‹é—´ã€‚ç”±é»‘å²©ã€æ°´å²©ç»„æˆï¼Œå…¼æ°´é™†ä¹‹èƒœã€‚å› å²©å¤–å¥‡å³°ç«žç§€å®›å¦‚ç¥žé¾™è…¾äº‘ï¼Œå²©å†…ä¹³çŸ³å¤šå§¿ï¼Œå·§ä¼¼æ¸¸é¾™æˆæ°´ï¼Œæ•…å–åèšé¾™æ½­ã€‚èšé¾™æ½­çš„æ™¯ç‰©ï¼Œå…¨ç³»é¬¼æ–§ç¥žå·¥ï¼Œä¸å‡äººåŠ›é›•é¥°ã€‚åœ¨è¿™ç‚Žç‚Žçƒˆæ—¥åŽ»æ¸¸è§ˆè¿˜æ˜¯å¾ˆä¸é”™çš„é€‰æ‹©ã€‚
2016-07-16,æœªçŸ¥,5,æˆ‘æ˜¯å‰å‡ å¤©åŽ»æ¸¸è§ˆçš„ï¼Œä¸€å¼€å§‹åœ¨æ£€ç¥¨å£ç­‰çš„æ—¶å€™çƒ­çˆ†äº†ï¼Œä½†æ˜¯åˆšåˆ°æ´žå£å‡†å¤‡ä¹˜èˆ¹è¿›æ´žçš„æ—¶å€™ä¸€è‚¡å‡‰é£Žå¹å¾—æˆ‘å·®ç‚¹ç«™ä¸ç¨³ï¼Œè¶…çº§èˆ’æœï¼ï¼ï¼å¤§çƒ­å¤©çš„ç»å¯¹é¦–é€‰æ—…æ¸¸æ™¯ç‚¹ä¹‹ä¸€ã€‚æ´žé‡Œé¢å„ç§çŸ³å¤´å¥‡å½¢æ€ªçŠ¶ï¼Œåœ¨ç‚«ç›®çš„ç¯å…‰æ˜ è¡¬ä¸‹ç»™äººä¸€ç§å…‰æ€ªé™†ç¦»çš„æ„Ÿè§‰ï¼Œä»¿ä½›åˆ°äº†ä¸€ä¸ªä¸å±žäºŽè¿™ä¸ªä¸–ç•Œçš„åœ°æ–¹ä¸€æ ·ï¼Œè¿™ç§é”™è§‰çŸ¥é“å‡ºæ´žä¹‹åŽæ‰ä¼šæ¶ˆå¤±ï¼ï¼ï¼ä»€ä¹ˆé¹°é¾Ÿå¥‡çŸ³ã€å¤§è±¡é¥®æ°´......å¤ªå¤šäº†ï¼Œå¾ˆç¥žå¥‡ï¼Œè¯šæ„æŽ¨èå„ä½å–œæ¬¢æ—…æ¸¸çˆ±æ—…æ¸¸çš„æœ‹å‹åŽ»èµ°ä¸€é­ï¼Œç»å¯¹ä¸è™šæ­¤è¡Œ
2016-05-25,æœªçŸ¥,5,"åˆšè¿›äººçš„æ—¶å€™ä¼šæœ‰å¥½å¤šç±»ä¼¼é¾™å¤´çš„çŸ³å¤´ç”±ä¸Šå¾€æŽ¢ï¼Œæ®å¯¼æ¸¸ä»‹ç»åƒæ˜¯åœ¨æ¬¢è¿Žæˆ‘ä»¬ä¸€æ ·ï¼Œæœ‰ç‚¹æ°´å¸˜æ´žçš„æ„Ÿè§‰ï¼ŒçœŸçš„å¾ˆå¥‡ç‰¹ï¼Œå¯èƒ½æ˜¯åœ¨ç¯å…‰çš„çŽ¯å¢ƒä¸‹ï¼Œæ˜¾å¾—æ ¼å¤–æ¼‚äº®ï¼Œæ´žé‡Œç¡®å®žå¾ˆå‡‰å¿«ï¼Œå¯ä»¥åèˆ¹æ¸¸ä¸¤æ®µï¼Œæ¸¸è§ˆæ—¶é—´å¤§æ¦‚æ˜¯40åˆ†é’Ÿå·¦å³,çŸ³ç°å²©çš„åœ°è²Œï¼ŒçœŸçš„å¾ˆç¥žå¥‡çš„ï¼Œå°±ç®—æ˜¯ç‚Žç‚Žå¤æ—¥åœ¨é‡Œé¢è¿˜æ˜¯ç‰¹åˆ«çš„å‡‰çˆ½ï¼Œå¤§è‡ªç„¶çš„é¬¼æ–§ç¥žå·¥ï¼Œå€¼å¾—ç§°èµž"
2016-01-10,æœªçŸ¥,5,èšé¾™æ½­åœ¨åé‡Œç”»å»Šä¸­ï¼Œå¯¹äºŽæˆ‘ä»¬è‡ªé©¾çš„æ¥è¯´ï¼Œäº¤é€šå®žåœ¨æŒºæ–¹ä¾¿çš„ï¼Œæ•´ä¸ªæ™¯åŒºä¹Ÿæ˜¾å¾—å¾ˆå¤§æ°”ï¼Œæœ€æœ‰æ„æ€çš„å°±æ˜¯æ™¯åŒºæ˜¯ä¹˜èˆ¹å…¥æ´žï¼Œé‡Œé¢çš„é’Ÿä¹³çŸ³åŠ ä¸Šç¯å…‰çš„æ•ˆæžœéžå¸¸çš„æ¼‚äº®ï¼Œå¯¼æ¸¸è®²è§£çš„ä¹Ÿå¾ˆæ¸…æ¥šã€‚è¿˜æ˜¯éžå¸¸å€¼å¾—æŽ¨èçš„ä¸€ä¸ªæ™¯ç‚¹ã€‚
2024-04-28,å¹¿ä¸œ,5,å¤§è‡ªç„¶çš„é¬¼æ–§ç¥žå·¥åœ¨è¿™é‡Œä½“çŽ°å¾—æ·‹æ¼“å°½è‡´ï¼Œå¸¦å°å­©å­ä¸€èµ·æ¥æ¸¸çŽ©ï¼Œè®©ä»–äº²èº«æ„Ÿå—å£®ç¾Žå±±æ²³çš„å¤šæ ·æ€§ï¼Œå®žåœ¨æ˜¯å¾ˆéš¾çš„ï¼æ—±æ´žéƒ¨åˆ†å¾ˆç¾Žï¼Œæ°´æ´žéƒ¨åˆ†ç•¥æ˜¾ç‰µå¼ºï¼ŒäºŸå¾…ä¸°å¯Œå®Œå–„ã€‚
2017-05-14,æœªçŸ¥,4,é£Ÿä¹‹æ— å‘³ï¼Œå¼ƒä¹‹å¯æƒœã€‚å½“æ—¶åé‡Œç”»å»Šéª‘å•è½¦ï¼Œæƒ³ç€ç¬¬äºŒå¤©å¾’æ­¥ä¹Ÿå¯èƒ½åŽ»ä¸äº†é“¶å­å²©ï¼Œæ‰€ä»¥å°±è¿›åŽ»äº†èšé¾™æ½­ã€‚é‡Œè¾¹ç¡®å®žæŒºå¥½çš„ï¼Œå°±æ˜¯å•†ä¸šæ°”æ°›å¤ªæµ“åŽšäº†ï¼Œä¸èƒ½åªä¹°èšé¾™æ½­çš„ç¥¨ï¼Œè¿˜è¦ä¹°ä¸Šä¸€ä¸ªå«å¥‡çŸ³è§‚çš„ï¼Œç„¶è€Œå¥‡çŸ³è§‚å°±æ˜¯çœ‹é™ˆåˆ—çš„çŸ³å¤´å’Œä¹°çºªå¿µå“...åˆä¸èƒ½å•ä¹°ï¼Œå­¦ç”Ÿä»·åŠä»·42.5ä¸ä¾¿å®œäº†ã€‚æ²¡åŽ»è¿‡é“¶å­å²©ï¼Œä½†æ„Ÿè§‰é“¶å­å²©å¯èƒ½æ›´å¥½ï¼Ÿ
2016-10-19,æœªçŸ¥,5,"èšé¾™æ½­,åŒé¾™çŽ¯æŠ±æˆç ï¼Œæ“Žå¤©ä¸€æŸ±ï¼Œé«˜ç«‹åœ¨èšé¾™æ½­çš„æ­£ä¸­å¤®ï¼ŒèƒŒå¯¹é’å±±å’Œç»¿æ°´ï¼Œå‰è¿Žäº”æ¹–å››æµ·æ¥å®¢ï¼Œè®©èšé¾™æ½­æ˜¾å¾—æ›´åŠ è€€æ­¦ç¥žå¨ï¼æŸ±å­å››æ–¹ï¼Œäº­ï¼Œå§‹ï¼Œæ¥¼ï¼Œé˜ä¾æ‰˜å‘¨å›´çš„å±±æ°´ï¼ŒæŒ‰ç…§å½“åœ°çš„æ°‘æ—é£Žæ ¼å»ºç­‘"
2016-12-13,æœªçŸ¥,3,æœ¬æ¥æ™¯è‰²å¯ä»¥ï¼Œä½†å•†ä¸šå¼€å‘è¿‡åº¦ï¼ŒæŠŠè¿™å¹ºå¥½çš„å¹»æ™¯ç ´åäº†ã€‚
2016-08-16,æœªçŸ¥,5,è¿˜å¯ä»¥çš„ï¼Œç¯å…‰æ‰“çš„æŒºæ¼‚äº®å°±æ˜¯åœ°æ¹¿
2015-11-19,æœªçŸ¥,5,è¿™ä¸ªæ™¯åŒºæœ€å¤§çš„äº®ç‚¹å°±æ˜¯åœ°ä¸‹å·§å¤ºå¤©å·¥çš„é’Ÿä¹³çŸ³æº¶æ´žï¼Œç»åŽ†äº¿ä¸‡å¹´çš„åŒ–å­¦ã€ç‰©ç†ååº”è€Œå½¢æˆï¼ŒçœŸæ‰€è°“åƒå§¿ç™¾æ€ï¼›æº¶æ´žå†…è¾ƒè‘—åçš„é’Ÿä¹³çŸ³æ™¯è§‚æœ‰â€œæ¨è´µå¦ƒä»™æµ´â€ã€â€œæµ·ä¸Šæ˜Žæœˆâ€ã€â€œæ°´æ™¶é¾™å®«â€ç­‰ï¼›
2018-09-07,æœªçŸ¥,5,å¾ˆå¥½ï¼Œç»ç†å¯¼æ¸¸æ²¡å¤šæŽ¨é”€ï¼Œå› ä¸ºä¸‹äº†ä¸­é›¨ï¼Œæˆ‘ä»¬ä¸´æ—¶å›¢æ¯”è¾ƒå°ï¼Œæº¶æ´žé‡Œå¾ˆæ¸…æ°”çˆ½ï¼Œæ¯”æ—ºå­£ä½“éªŒå¥½ã€‚
2017-11-17,æœªçŸ¥,5,ä¸»è¦æ˜¯æº¶æ´žå¾ˆå¥½çœ‹ï¼Œé‡Œé¢çš„æ™¯è‰²å¾ˆæ¼‚äº®å¾ˆç¾Žè½®ç¾Žå¥‚çš„4Aæ™¯åŒºï¼Œä½†æ˜¯é‡Œé¢ç¨å¾®æœ‰ä¸€ç‚¹æ¹¿å†·ï¼Œä¹Ÿæœ‰æ‹ç…§çš„åœ°æ–¹ï¼Œæ˜¯å…è´¹æ‹ç…§ä½†å‡ºæ¥çš„æ—¶å€™æƒ³è¦ç…§ç‰‡ä¼šæ”¶å–è´¹ç”¨ï¼Œç…§ç‰‡æ‹çš„ä¸ªäººè®¤ä¸ºä¸å’‹åœ°ã€‚
2016-01-26,æœªçŸ¥,5,æ˜¯ä¸€ä¸ªæ°´é™†ç»“åˆçš„ä¸¤æ –æº¶æ´žï¼é£Žæ™¯ä¸å¦‚é“¶å­å²©ä¸ªèŠ¦ç¬›å²©ã€‚ä½†å¥½åœ¨ä»·æ ¼ä¾¿å®œã€‚ä¹Ÿæ˜¯å€¼å¾—ä¸€åŽ»çš„ï¼
2017-06-05,æœªçŸ¥,5,é’Ÿä¹³çŸ³å¾ˆæ¼‚äº®ï¼Œå€¼å¾—ä¸€åŽ»ï¼å¯¼æ¸¸è®²è§£å¾ˆè¯¦ç»†ï¼
2016-11-24,æœªçŸ¥,4,æ°´å²©æ•´ä¸ªå²©æ´žå¤„åœ¨æ·±å±±è€æž—é‡Œè¾¹ï¼Œæ˜¯è€å¤–æŽ¢é™©å‘çŽ°çš„ã€‚é¾™é—¨æ°´å²©é‡Œè¾¹çš„é’Ÿä¹³çŸ³åƒå§¿ç™¾æ€ã€æ ©æ ©å¦‚ç”Ÿã€å½¢è±¡é€¼çœŸï¼Œæˆ‘ç›¸ä¿¡ä½ ä»¬çœ‹äº†ä¹‹åŽä¸€å®šä¼šæ„Ÿå¹å¤©å·¥é€ ç‰©ä¹‹å¥‡ç‰¹ï¼Œæ´žå†…è¿˜æœ‰ç¥žç§˜èŽ«æµ‹çš„åœ°ä¸‹æš—æ²³ï¼Œæ›´å¥‡ç‰¹çš„æ˜¯å²©æ´žé‡Œé¢è¿˜æœ‰æ¸©æ³‰ã€‚éœ²å¤©çš„æ¸©æ³‰æˆ‘è§å¾—å¤šäº†ï¼Œå²©æ´žé‡Œçš„æ¸©æ³‰æˆ‘è¿˜æ˜¯ç¬¬ä¸€æ¬¡è§åˆ°
2016-11-09,æœªçŸ¥,4,èšé¾™æ½­ æ˜¯æ¡‚æž—é˜³æœ”çš„ä¸€é¢—æ–°ç”Ÿçš„å´”ç¿æ˜Žç ï¼Œå²©å†…åºœåˆ†æ°´é™†ä¸¤å±‚ï¼Œå…¶ä¸­å¹¿å¯’æ·±å®«ï¼Œé‡‘é“¶ç¾¤å¡”ï¼ŒæƒŠå³»å¤©æ¡¥ï¼Œé›ªå±±ç€‘å¸ƒï¼ŒéŸ³ä¹çŸ³å±ï¼ŒçŽ‰æ ‘ç¼æžï¼ŒåŒæŸ±æ“Žå¤©æ›´æ˜¯ä»¤äººå¹ä¸ºè§‚æ­¢ã€‚è¦è®²è¿°æ¡‚æž—äºº ä¸€ä¸‡å¤šå¹´å‰ç”„çš®å²©äººæ–‡åŒ–å¤è¿¹åŠå½“æ—¶ç”Ÿæ´»çŠ¶å†µçš„å†çŽ°åœºæ™¯.é˜³æœ”å›¾è…¾å¤é“ ä¸»è¦è®²è¿°æ¡‚æž—äºº ä¸€ä¸‡å¤šå¹´å‰ç”„çš®å²©äººæ–‡åŒ–å¤è¿¹åŠå½“æ—¶ç”Ÿæ´»çŠ¶å†µçš„å†çŽ°åœºæ™¯.å°±åœ¨è¿™çƒŸé›¨å³°å³¦ä¸­ä¸€ç¾¤çš®è‚¤é»é»‘çš„åœŸè‘—äººåœ¨é’å±±ç»¿æž—ä¸­æƒŠçŽ°ï¼ä»–ä»¬æœ‰çš„çˆ¬æ ‘å‰ä¸ºå±…ï¼Œæœ‰çš„é€‰æ´žç©´ä¸ºæˆ¿ï¼Œæœ‰çš„ä»¥è‰åšå±‹ã€‚ä½¿ç”¨çš„å·¥å…·ä¾ç„¶æ˜¯å¤æœ´çš„çŸ³å™¨ã€éª¨å™¨ï¼ŒåŽŸå§‹çš„é™¶å™¨ã€èšŒå™¨ã€‚ç©¿ç€å…½çš®æ‰‹æŒé•¿çŸ›åœ¨å±±æž—é‡Œä»¥ç‹©çŒŽä¸ºç”Ÿã€‚çƒ§çƒ¤è›‡è›™ä¸ºé£Ÿã€‚â€œåŒ—æœ‰å‡¶å¥´ï¼Œå—æœ‰å—è›®ï¼â€ç”‘çš®å²©æ–‡åŒ–æ˜¯å—è›®äººè¯žç”Ÿçš„ä»£è¡¨ï¼
2016-10-26,æœªçŸ¥,4,çœ‹çœ‹æº¶æ´žèšé¾™æ½­ æ˜¯æ¡‚æž—é˜³æœ”çš„ä¸€é¢—æ–°ç”Ÿçš„å´”ç¿æ˜Žç ï¼Œå²©å†…æ´žåºœåˆ†æ°´é™†ä¸¤å±‚ï¼Œå…¶ä¸­å¹¿å¯’æ·±å®«ï¼Œé‡‘é“¶ç¾¤å¡”ï¼ŒæƒŠå³»å¤©æ¡¥ï¼Œé›ªå±±ç€‘å¸ƒï¼ŒéŸ³ä¹çŸ³å±ï¼ŒçŽ‰æ ‘ç¼æžï¼ŒåŒæŸ±æ“Žå¤©æ›´æ˜¯ä»¤äººå¹ä¸ºè§‚æ­¢ã€‚é˜³æœ”å¢ƒå†…æœ‰ä¸€å¤„å”¯ä¸€å¯å…¼æ°´é™†æ¸¸è§ˆçš„æº¶æ´žâ€”â€”èšé¾™æ½­ ã€‚è¿™ä¸ªè—é¾™å§è™Žçš„åœ°æ–¹ï¼Œæ°´é™†æ¸¸ç¨‹ï¼Œçš†å¯éšæ¸¸å®¢è‡ªå·±é€‰æ‹©ã€‚å²©å†…æ— æ•°æ¡é’Ÿä¹³çŸ³å¦‚å§é¾™ã€ç›˜é¾™ã€æ¸¸é¾™ã€é£žé¾™ã€èˆžé¾™ã€é‡‘é¾™ã€çŽ‰é¾™ã€é’é¾™ã€é»„é¾™ã€é¾™çŽ‹ã€é¾™å¥³ã€é¾™å­ã€é¾™å­™ï¼Œæ•°ä¸èƒœæ•°ï¼Œå½¢æ€é€¼çœŸæƒŸå¦™æƒŸè‚–ã€‚ç”±æ­¤å½¢æˆäº†é¾™å¥³è¿Žå®¾ã€é¾™å®«çŽ‰æŸ±ç­‰æ™¯è‡´ã€‚ä¹Ÿæ˜¯â€œè—é¾™å§è™Žâ€çš„åœ°æ–¹ã€‚ å¤§æ¦•æ ‘ ï¼šé˜¿ç‰›å“¥å’Œåˆ˜ä¸‰å§å®šæƒ…çš„åœ°æ–¹ï¼Œæœ‰ä¸€å®šçš„æ–‡åŒ–åº•è•´ï¼Œè™½ç„¶é‡Œé¢åªæ˜¯ä¸€æ¡æ²³ï¼Œä¸€é¢—å¤è€çš„æ¦•æ ‘ï¼Œä½†æ˜¯ä»–20å…ƒçš„é—¨ç¥¨é’±è¿˜æ˜¯å€¼å¾—çš„ã€‚
2016-10-16,æœªçŸ¥,4,æ˜¯æ¡‚æž—é˜³æœ”çš„ä¸€é¢—æ–°ç”Ÿçš„å´”ç¿æ˜Žç ï¼Œå²©å†…æ´žåºœåˆ†æ°´é™†ä¸¤å±‚ï¼Œå…¶ä¸­å¹¿å¯’æ·±å®«ï¼Œé‡‘é“¶ç¾¤å¡”ï¼ŒæƒŠå³»å¤©æ¡¥ï¼Œé›ªå±±ç€‘å¸ƒï¼ŒéŸ³ä¹çŸ³å±ï¼ŒçŽ‰æ ‘ç¼æžï¼ŒåŒæŸ±æ“Žå¤©æ›´æ˜¯ä»¤äººå¹ä¸ºè§‚æ­¢ã€‚è¦è®²è¿°æ¡‚æž—äºº ä¸€ä¸‡å¤šå¹´å‰ç”„çš®å²©äºº æ–‡åŒ–å¤è¿¹åŠå½“æ—¶ç”Ÿæ´»çŠ¶å†µçš„å†çŽ°åœºæ™¯.
2022-06-02,æœªçŸ¥,3,èšé¾™æ½­æ½­é¢ä¸å¤§ï¼Œä»Žåœ°è¡¨çœ‹å®ƒåªæ˜¯å§é¾™æ²³çš„æºå¤´ï¼Œæ°´è‰²åœ¨é˜´å¤©çš„å…‰çº¿ä¸‹ç”±æµ…å…¥æ·±å‘ˆæ·¡è“ã€æ˜Žè“ã€æš—è“ï¼Œæ½­è¾¹æ€ªçŸ³å¥‡æ ‘æž—ç«‹ï¼Œå¤æœ¨æ£®æ£®ã€‚
2018-02-25,æœªçŸ¥,5,æ™¯ç‚¹ä¸é”™ï¼Œï¼Œï¼Œï¼Œï¼Œï¼Œï¼Œï¼Œï¼Œï¼Œï¼Œ
2017-10-16,æœªçŸ¥,5,èšé¾™æ½­ä½äºŽé©¬å±±è„šä¸‹å¤§æ¦•æ ‘å—0.3å…¬é‡Œï¼Œå²©å†…é’Ÿä¹³çŸ³ç³ç…å¤šå§¿ï¼Œæœ‰çŸ³å·§ä¼¼æ¸¸é¾™æˆæ°´ï¼›å²©å¤–é’å±±éšéšï¼Œç»¿æ°´æ‚ æ‚ ï¼Œå®›å¦‚ç¾¤é¾™é©¾é›¾ï¼Œæ•…åâ€œèšé¾™æ½­â€ã€‚
2018-04-11,æœªçŸ¥,5,èšé¾™æ½­ï¼Œå¬åå­—çš„æ—¶å€™ï¼Œåˆšå¼€å§‹ä»¥ä¸ºçœ‹å±±æ°´çš„é”™è§‰ï¼Œè°çŸ¥é“åˆæ˜¯è·Ÿé“¶å­å²©ä¸€æ ·çš„åœ°ä¸‹æº¶æ´žï¼Œä¸è¿‡æ¡‚æž—è¿™æ ·çš„æº¶æ´žçœŸçš„å¥½å¤šï¼Œä¸è¿‡è¿˜æ˜¯è›®å¥½çœ‹çš„ã€‚
2015-11-11,æœªçŸ¥,4,çœ‹è¿‡é“¶å­å²©ä¹‹åŽå†æ¸¸è§ˆèšé¾™æ½­çš„æº¶æ´žï¼Œå°±æ„Ÿè§‰æ¯”è¾ƒä¸€èˆ¬äº†ã€‚æº¶æ´žé‡Œçš„ç¯å…‰å˜å¹»èŽ«æµ‹ï¼Œè¿˜æ˜¯è›®ç¾Žçš„
2016-01-09,æœªçŸ¥,5,èšé¾™æ½­æ™¯åŒºæ´žå†…çš„æ™¯è‰²è¿˜æ˜¯ä¸é”™çš„ï¼Œç‰¹åˆ«æ˜¯æœ‰ç€‘å¸ƒçš„é‚£é‡Œï¼Œè¿˜æœ‰æ´žé‡Œä¹Ÿå¾ˆå®½é˜”ï¼Œä¹Ÿæœ‰æ— æ•°çš„é’Ÿä¹³çŸ³ï¼Œå¾ˆå¤šä¸èµ·çœ¼çš„çŸ³å¤´ç»™ç¯å…‰ä¸€æ‰“ï¼Œç‰¹æ¼‚äº®
2017-08-31,æœªçŸ¥,5,ç¬¬ä¸€æ¬¡åœ¨ç½‘ä¸Šè´­ä¹°æ™¯åŒºç¥¨ï¼Œå¾ˆä¸è¿‡å¾ˆæ–¹ä¾¿ï¼Œæ™¯åŒºçš„åœ°ç†ä½ç½®ä¹Ÿå¾ˆå¥½æ‰¾å°±åœ¨é˜³æœ”çš„åé‡Œç”»å»Šå¤„ã€‚æ™¯åŒºçš„å²©æ´žå£æœ‰ä¸€æ ¹å«ä»€ä¹ˆä¹é¾™æˆç çš„å›¾è…¾æŸ±ï¼Œé—¨å£å¾ˆå¤šäººæŽ’é˜Ÿè¿›å²©æ´žå‚è§‚ï¼Œè¿›å…¥å²©æ´žå…ˆæ˜¯è¦ä¹˜èˆ¹æ¸¸è§ˆï¼Œç„¶åŽåˆ°è¾¾æ´žå†…ï¼Œé‡Œé¢å¾ˆå¤šé’Ÿä¹³çŸ³æ‰“ç€äº”é¢œå…­è‰²çš„ç¯å…‰éžå¸¸çš„æ¼‚äº®ï¼Œè¿˜æœ‰æ‘„å½±å¸ˆå¸®æ‹ç…§10å…ƒä¸€å¼ ï¼Œè¿˜è¡Œå°±ä¹°äº†ä¸€å¼ ã€‚æ™¯åŒºå¾ˆæ¼‚äº®ã€‚ç»™ä¸ªèµž
2016-05-11,æœªçŸ¥,2,"æœ‰çŽ©è¿‡æº¶æ´žçš„å°±åˆ«åŽ»äº†,å·®ä¸äº†å¤šå°‘,æœ€ç¾Žçš„åœ°æ–¹æ‹ç…§å°±å¾—é’±,æœ€è®©äººä¸èˆ’æœçš„åœ°æ–¹å°±æ˜¯æº¶æ´žå‡ºæ¥åŽä¸‹æ¥¼æ¢¯å¤„æœ‰å¼¥å‹’ä½›,è®©ç‚¹é¦™è‡ªæ„¿æ·»æ²¹é’±,æ·»å®ŒåŽè¿™è€äººå°±æ‹¿ä¸ªèŽ²åº§èœ¡çƒ›ç»™ä½ `åˆšå¼€å§‹è¿˜ä»¥ä¸ºæ˜¯çºªå¿µå“.å¾€å‰åŽ»ä¸¤æ­¥åˆä¸€ä½›åƒåˆä¸€ä¸ªè€äººè¯´äº†ä¸€å †ç¥ç¦è¯.è¦å¸®ä½ ç‚¹èœ¡çƒ›ç„¶åŽè¯´ç‚¹èœ¡çƒ›è¦æä¸‰åå…ƒä»¥ä¸Šã€æ˜¯è‡ªæ„¿çš„å“¦`ä¸è¿‡ä½ éƒ½æ‹¿èœ¡çƒ›æ‹œå®Œä½›æƒ³ä¸ç‚¹éƒ½æ„Ÿè§‰æ€ªæ€ª,åªèƒ½æä¸Š."
2016-01-07,æœªçŸ¥,5,èšé¾™æ½­å°±æ˜¯ä¸€ä¸ªå¤§æº¶æ´žï¼Œé‡Œé¢æœ‰å½©è‰²ç¯å…‰ç…§å°„ï¼Œæ™¯è‰²éžå¸¸ç¾Žã€‚é’Ÿä¹³çŸ³ã€çŸ³ç¬‹ç­‰å½¢æ€å„å¼‚ã€‚äººæ¯”è¾ƒå¤šï¼Œæ²¡æ³•åœä¸‹æ¥å¥½å¥½æ¬£èµï¼Œåªèƒ½å¾€å‰èµ°ã€‚
2017-05-05,æœªçŸ¥,5,å…¶å®žå·²ç»æ˜¯ç¬¬äºŒæ¬¡èšé¾™æ½­æ¸¸çŽ©äº†ï¼Œè¿™æ¬¡å’Œè€å©†ä¸€èµ·çš„ï¼Œè€å©†è¯´å¾ˆæ¼‚äº®ï¼Œå¾ˆå¼€å¿ƒçš„ä¸€æ¬¡æ—…è¡Œ
2017-12-08,æœªçŸ¥,4,æ™¯åŒºä¸å¤§ï¼Œæº¶æ´žéœ€åä¸€åˆ†é’Ÿçš„èˆ¹è¿›åŽ»ï¼Œæº¶æ´žé‡Œæ™¯è‰²ä¸é”™ä½†å•†ä¸šæ°”æ¯å¤ªæµ“ï¼Œæ„Ÿè§‰ä¸å¥½ã€‚
2017-06-19,æœªçŸ¥,5,æœ€è¿‘æ¯”è¾ƒç«çš„æ™¯ç‚¹ã€‚æ„Ÿè§‰ä¸å¦‚é“¶å­å²©å¤§ã€‚ä¸ªäººå–œå¥½ã€‚åŽ»ä¸€ä¸ªå°±å¯ä»¥äº†ã€‚
2022-08-17,å¹¿è¥¿,1,å¥‰åŠå„ä½ä¸è¦æ¥ï¼Œåèˆ¹å¤§æ¦‚å°±20ç±³ï¼Œç„¶åŽä¸€ä¸ªå¯¼æ¸¸å¸¦ç€ä¸¤èˆ¹äººå¾€å‰èµ°ï¼Œåˆ°äº†ä»€ä¹ˆæ‹ç…§å•Šå–ä¸œè¥¿çš„åœ°æ–¹å°±æ‹¦ç€ä½ ä¸è®©èµ°ï¼Œå¿…é¡»å¬å®Œå¿µç»ä¸€æ ·çš„è®²è§£å†èµ°ã€‚å‡ºæ¥çš„æ—¶å€™æ•…æ„æ”¾ä¸€å°Šä½›ï¼Œæ¯ä¸ªäººç»™ä½ ä¸‰æ”¯é¦™ï¼Œè¯´ç¤¼ä½›ä»¥ç¤ºå°Šé‡ï¼Œå¤šæ•°äººè§ä½›åˆè¢«å¡žé¦™éƒ½ä¼šä¸Šé¦™ï¼Œç„¶åŽå°±è¢«å¡žèŠ±ç¯ï¼Œ30ä¸€ä¸ªè®©ä½ ç‚¹ç¯ï¼Œä¸è¦çš„è¯é‚£ä¸ªå˜´è„¸ï¼Œå‘µå‘µã€‚è¿™è¿˜æ²¡å®Œï¼Œå‡ºæ¥çš„è·¯æ˜¯çˆ¬ä¸Šçˆ¬ä¸‹å¼¯å¼¯ç»•çš„åº—ï¼Œä¸èµ°å®Œä½ éƒ½åˆ«æƒ³å‡ºåŽ»ã€‚æ—…æ¸¸è¢«ä½ ä»¬åšæˆè¿™æ ·ï¼ŒçœŸæ˜¯ä¸¢äººï¼
2024-02-07,å¹¿è¥¿,5,è¿™ä¸ªæ¯”è¾ƒè®©æˆ‘ä»¬æ„å¤–ï¼Œæ„Ÿè§‰å¾ˆå¥½ï¼Œæœ‰æ°´çš„æ´žæ™¯å¾ˆç¾Žï¼Œå¯ä»¥æ‹çŸ³æŸ±çš„å€’å½±ï¼Œå…ˆåä¸€å°æ®µèˆ¹è¿›æ´žï¼Œæ´žé‡Œå¾ˆç¾Žï¼Œå¯¼æ¸¸çš„æœåŠ¡è¿˜å‡‘åˆå§ï¼Œä¸€å®šä¸€å®šçœ‹æœ‰æ°´éƒ¨åˆ†ï¼Œéžå¸¸å¥½
2018-03-22,æœªçŸ¥,5,çŽ¯å¢ƒå¾ˆå¥½ï½žç©ºæ°”æ¸…æ–°ï½žé€‚åˆåŽ»éƒŠæ¸¸ï½žä¸è¿‡çŽ°åœ¨é‚£é‡Œä¸å‡†å¼€è½¦è¿›åŽ»ï¼Œæœ‰ä¸€ç‚¹ç‚¹ä¸æ–¹ä¾¿ï½ž
2017-06-14,æœªçŸ¥,5,å¹¿è¥¿æ˜¯å…¸åž‹çš„å–€æ–¯ç‰¹åœ°è²Œï¼Œæº¶æ´žéåœ°éƒ½æ˜¯ï¼Œä½†æ­¤å¤„å€¼å¾—ä¸€æ¸¸ï¼Œæ—¢æœ‰æ°´æ´žè¿˜æœ‰æ±‰æ´žï¼Œæ´žå†…å¾ˆå¤šç²¾è‡´åˆ«å…·ä¸€æ ¼ã€‚
2017-06-29,æœªçŸ¥,5,èšé¾™æ½­è¿˜æ˜¯å€¼å¾—åŽ»çš„ï¼é‡Œé¢å¾ˆä¸é”™ ä½†æ˜¯æœ‰ä¸€ç‚¹ä¸å¥½ å°±æ˜¯å–ä¸œè¥¿çœŸçš„å¾ˆç»™åŠ›ï¼ï¼ï¼å…¨ç¨‹ç…§ç›¸ å„ç§å–å–å–ï¼ï¼
2016-04-02,æœªçŸ¥,4,è¿™ä¸ªæ™¯ç‚¹ä¹Ÿæ˜¯å› ä¸ºæ—¶é—´çš„å…³ç³»æ²¡èƒ½è¿›å…¥é‡Œé¢åŽ»ï¼Œåœ¨é—¨å£çœ‹äº†çœ‹ï¼Œä¹Ÿä¼‘æ¯äº†ä¸€ä¼šå„¿ï¼Œç­‰ç€æˆ‘ï¼Œè¿˜ä¼šå†æ¥çš„
2017-06-26,æœªçŸ¥,3,å²©æ´žé‡Œçš„é£Žæ™¯æ˜¯ä¸é”™çš„ã€‚ä½†æœ€åŽæ‹œæ‹œç¥žä¸Šä¸‹é¦™ç«ç»™å¢¨äº†30.å…¶å®žå¯ä»¥æ˜Žç æ ‡ä»·çš„ï¼Œä½†ä¸€å¼€å§‹è¯´ä¸Šç«ä¸ç”¨é’±ï¼Œä½†ä¸€èˆ¬äººéƒ½è‡ªæ„¿ç»™é¦™æ²¹é’±ï¼Œæœ€åŽå¼ºè¡Œç»™äº†ä¸€ä¸ªè½¬è¿ç¯è¦30
2015-12-25,æœªçŸ¥,5,èšé¾™æ½­æ´žå†…çš„å¤šå¤„æ™¯è§‚è®©äººæœ‰ç§ç½®èº«å…¶ä¸­çš„æ„Ÿè§‰ï¼Œå¾ˆæ˜¯è®©äººå›žå‘³ï¼Œæ€»ä½“æ¥è¯´è¿˜æ˜¯ä¸é”™çš„ï¼Œå€¼å¾—æ¸¸è§ˆï¼
2021-03-01,æœªçŸ¥,5,å²©å†…æ— æ•°æ¡é’Ÿä¹³çŸ³å¦‚å§é¾™ã€ç›˜é¾™ã€æ¸¸é¾™ã€æ•°ä¸èƒœæ•°ï¼Œå½¢æ€é€¼çœŸï¼ŒæƒŸå¦™æƒŸè‚–ã€‚
2024-05-14,è¾½å®,5,èšé¾™æ½­æ˜¯åé‡Œç”»å»Šä¸­çš„é‡è¦æ™¯ç‚¹ï¼Œå¤§è‡ªç„¶çš„é¬¼æ–§ç¥žå·¥åœ¨è¿™é‡Œä½“çŽ°å¾—æ·‹æ¼“å°½è‡´ï¼Œè¿™é‡Œå³æœ‰ä¹˜èˆ¹çš„æ°´æ´žï¼Œä¹Ÿæœ‰ç²¾ç¾Žçš„æ—±æ´žï¼Œå®žåœ¨æ˜¯å¾ˆéš¾çš„ï¼å¯¼æ¸¸å°å§å§è®²å¾—å¾ˆå¥½ï¼Œå„ç§æ•…äº‹å¨“å¨“é“æ¥ï¼Œç‚¹èµžï¼
2020-02-15,æœªçŸ¥,5,ç‰¹æ®Šçš„åœ°è²Œï¼Œè®©äººæ„Ÿè§‰å¤§è‡ªç„¶çš„é¬¼æ–§ç¥žå·¥ï¼Œé‡Œé¢æ„Ÿè§‰å¾ˆä¸é”™ï¼Œå€¼å¾—ä¸€åŽ»ï¼Œè™½ç„¶è¦èŠ±å¾ˆé•¿æ—¶é—´ã€‚
2019-07-27,æœªçŸ¥,5,è¿˜è¡Œå§ï¼Œç§Ÿç”µè½¦è‡ªå·±å¼€è¿‡åŽ»çš„ï¼Œè·¯ä¸Šèµ°èµ°åœåœï¼Œèšé¾™æ½­å°±æ˜¯ä¸€ä¸ªå–€æ–¯ç‰¹åœ°è²Œçš„æ´žï¼Œæ²¡åŽ»è¿‡çš„å¯ä»¥åŽ»çœ‹ä¸€ä¸‹ã€‚å°±é…±ç´«ã€‚
2023-08-19,å››å·,3,æº¶æ´žçš„è·ç¦»ä¸é•¿ï¼Œæœ‰ä¸€ä¸ªå¯¼æ¸¸ä»‹ç»ï¼ˆæˆ‘ä»¬æ˜¯æ•£å®¢è‡ªå·±ä¹°ç¥¨è¿›åŽ»çš„ï¼Œæ²¡æœ‰è·Ÿå›¢ï¼Œæ˜¯æ™¯åŒºè‡ªå·±çš„å¯¼æ¸¸ï¼‰ï¼Œå…¶å®žè‡ªå·±è¿›åŽ»ï¼Œä¸éœ€è¦å¯¼æ¸¸å¯èƒ½ä½“éªŒæ„Ÿæ›´å¥½ï¼Œå› ä¸ºå¯¼æ¸¸åˆ°ä¸€ä¸ªåœ°æ–¹å°±è¦åœ¨é‚£é‡Œç­‰å…¶ä»–æ¸¸å®¢ï¼Œå–Šå¤§å®¶ç­‰ä¸€ç­‰ï¼Œåˆ°äº†ä¸€ä¸ªè‡ªå·±æ„Ÿå…´è¶£çš„åœ°æ–¹ï¼Œå¯¼æ¸¸åˆä¼šå‚¬ï¼ŒåŽé¢çš„æ¸¸å®¢è·Ÿä¸Šæ¥ï¼Œå…¶å®žè‡ªå·±è‡ªç”±è¡Œå°±æ˜¯æƒ³è‡ªå·±ä½“éªŒï¼Œå®‰æŽ’ï¼Œç»“æžœè¢«å‚¬ï¼Œè¢«è¦æ±‚ç­‰å¾…ï¼ŒçœŸçš„å¾ˆä¸å–œæ¬¢ï¼Œå¾ˆæ— è¯­ï¼Œè¿˜æœ‰å¯¼æ¸¸ä»‹ç»çš„æ—¶å€™ä¹Ÿå¾ˆæ•·è¡ï¼Œåªæœ‰å–Šæ‹ç…§ç‰‡çš„æ—¶å€™æœ€æœ‰çƒ­æƒ…ï¼Œåœ¨è¿™é‡Œé¡ºä¾¿æä¸€æé˜³æœ”çš„å…¶ä»–æ™¯ç‚¹ï¼ŒçœŸçš„æ˜¯æ¯ä¸€ä¸ªåœ°æ–¹éƒ½æ”¶é’±ï¼Œè¿žè·¯è¾¹è·å¡˜é‡Œé¢çš„è·èŠ±æ‹ç…§ä¹Ÿæ”¶è´¹ï¼Œæˆ‘ä¹Ÿæ˜¯é†‰äº†ï¼ŒçœŸçš„å°±æ²¡æœ‰å“ªé‡Œæ˜¯å¯ä»¥å…è´¹çœ‹ä¸€çœ‹çš„ã€‚è¿™æ¬¡é˜³æœ”ä½“éªŒæ„ŸçœŸæ˜¯è¶…çº§çš„ä¸å¥½ã€‚
2017-07-27,æœªçŸ¥,5,æ•´ä½“æ¥è¯´å¯¹å¾—èµ·ç¥¨ä»·ï¼Œ é‡Œé¢çš„æ™¯è§‚è¿˜ä¸é”™ã€‚
2016-04-26,æœªçŸ¥,5,å¯¼æ¸¸è¯´æ˜¯è¥¿æ¸¸è®°çš„æ‹æ‘„ç‚¹ä¹‹ä¸€ã€‚ã€‚ã€‚é‡Œé¢è¿˜ä¸é”™ï¼ˆæ„Ÿè§‰æº¶æ´žéƒ½ä¸€æ ·ï¼‰ã€‚è¿˜æ˜¯å€¼å¾—ä¸€çœ‹çš„ã€‚
2018-02-24,æœªçŸ¥,3,æµªè´¹é’±â€¦â€¦å¯è§‚èµæ€§ä¸é«˜ã€‚å²©çŸ³ä¹Ÿä¸æ¼‚äº®
2017-08-09,æœªçŸ¥,5,å¥½å¥½çš„ç¡®æœ‰æ—¶å€™æ˜¯å› ä¸ºæœ‰æ—¶å€™çœŸçš„è§‰å¾—å¥½
2016-07-29,æœªçŸ¥,5,å¾ˆå¤§çš„å±±æ´žé‡Œé¢å†¬æš–å¤å‡‰ï¼Œé’Ÿä¹³çŸ³å¾ˆæ¼‚äº®
2016-06-11,æœªçŸ¥,5,è¿›æ´žè¦åèˆ¹è¿›åŽ»ï¼Œé‡Œé¢å¾ˆå¤šé’Ÿä¹³çŸ³ï¼Œå¯ä»¥
2016-08-08,æœªçŸ¥,5,åèˆ¹è¿›å…¥å±±æ´žï¼Œé‡Œé¢çš„é’Ÿä¹³çŸ³å¾ˆæ¼‚äº®
2018-01-03,æœªçŸ¥,5,ä¸é”™ï¼Œä¸»è¦ä»·é’±ä¸è´µï¼Œæ€§ä»·æ¯”å¾ˆé«˜
2018-06-16,æœªçŸ¥,5,æ„Ÿè§‰è›®å¤§çš„ è›®å¥½çŽ©çš„ æ™¯è‰²å„å¼‚
2017-12-05,æœªçŸ¥,5,é˜³æœ”ä¸€ä¸ªæˆ‘æ¯”è¾ƒå–œæ¬¢çš„å²©æ´žï½žå€¼å¾—åŽ»çœ‹ä¸€ä¸‹ï¼ŒåŽ»çš„äººæ¯”è¾ƒå¤šï¼Œå¾ˆæœ‰ç‰¹è‰²ï½ž
2016-11-13,æœªçŸ¥,4,æ™¯ç‚¹æ™¯è§‚å¥½ï¼Œä½†é…çš„å¯¼æ¸¸æœåŠ¡å¤ªå·®ï¼Œä»‹ç»æ™¯ç‚¹å¾ˆå¿«ï¼Œåˆ°æ”¶è´¹é¡¹ç›®å°±æ¿€æƒ…å››å°„ã€‚å¦å¤–å¥‡çŸ³å®«å¾ˆçƒ‚ã€‚çŽ°åœºæœ‰å­¦ç”Ÿç¥¨ï¼Œä½†å¼ºåˆ¶ä¹°åŠä»·çš„å¥‡çŸ³å®«ç¥¨ã€‚55çš„é—¨ç¥¨åŠ 30çš„å¥‡çŸ³å®«ï¼ŒåŠä»·ä¹Ÿè¦42.5ï¼Œæºç¨‹ä¸Šå…¨ä»·æ‰45ã€‚
2017-11-17,æœªçŸ¥,5,ä¹˜èˆ¹å…¥æ´žã€æ­¥è¡Œæ¬£èµå„ç§æƒŸå¦™æƒŸè‚–çš„æº¶å²©å¥‡æ™¯ã€‚
2017-04-30,æœªçŸ¥,5,å¾ˆå–œæ¬¢å“¦ï¼Œæ°´è·¯å…¼æ¸¸å¾ˆé€‚åˆæˆ‘è¿™ç§åœ¨é™†åœ°ä¸Šèµ°è·¯èµ°çš„ç´¯çš„äº†äººï¼Œå¾ˆå–œæ¬¢
2016-02-25,æœªçŸ¥,5,æœ‰å°æ®µæ°´è·¯ï¼Œåˆ«æœ‰ä¸€ç•ªè¶£å‘³ï¼Œå’Œå¤§æ¦•æ ‘è´è¶æ³‰åœ°ç†ä½ç½®æ¯”è¾ƒè¿‘ã€‚
2015-10-29,æœªçŸ¥,4,èšé¾™æ½­æ°´è·¯é™†è·¯å…¼ç¨‹ä¸€åƒç±³ã€ç”±é»‘å²©å’Œæ°´å²©ä¸¤å¤§å²©æ´žç»„æˆã€æ™¯è§‚å¥‡ç‰¹ã€éžå¸¸ç¾Žå¦™ã€æ˜¯é˜³æœ”ç»å…¸çš„æ—…æ¸¸æ™¯ç‚¹ã€‚
2018-05-21,æœªçŸ¥,5,çŽ¯å¢ƒä¸€èˆ¬èˆ¬ï¼Œä¸å€¼å¾—æŽ¨èï¼Œæœ‰äº›å¤±æœ›
2023-02-28,å¹¿è¥¿,5,æ¼‚äº®çš„æº¶æ´ž
2017-03-26,æœªçŸ¥,4,æ™¯ç‚¹é‡Œä¸œè¥¿å¾ˆä¾¿å®œï¼ŒçŽ¯å¢ƒä¸€èˆ¬æ¬ã€‚å›¾2æ˜¯æ¯”è¾ƒå¥½çœ‹çš„æ™¯
2016-08-11,æœªçŸ¥,5,åˆ’èˆ¹è¿›å…¥åˆ°æº¶æ´žé‡Œé¢ï¼Œåˆ«æœ‰ä¸€ç•ªæ™¯è±¡å•Š(âŠ™oâŠ™)ï¼Ÿ
2021-12-08,æœªçŸ¥,4,è¿™å¯æ˜¯å½“å¹´æ‹è¥¿æ¸¸è®°æ°´ä¸‹é¾™å®«çš„æº¶æ´žï¼Œç¯å…‰ä¸€æ‰“ï¼ŒçœŸæ˜¯ç¾Žä¸½ã€‚é¾™å®«ç¾Žä¸½ï¼Œä½†æ°´æ˜¯äººå·¥è“„èµ·æ¥çš„ã€‚
2016-07-31,æœªçŸ¥,5,é‡Œé¢å–çš„å•†å“ä¸è´µï¼Œè¿˜ä¸é”™ï¼Œåœ°é¢æ¹¿æ»‘ï¼Œå­•å¦‡å°±æ³¨æ„äº†ï¼Œå°å­©è¦å°å¿ƒç‚¹ï¼Œå¯ä»¥æ‹ç…§çš„åœ°æ–¹è¿˜æŒºå¤š
2021-06-04,æœªçŸ¥,5,æ™¯è‰²ä¼˜ç¾Žï¼Œç©ºæ°”æ¸…æ–°ï¼Œäº¤é€šä¾¿æ·ï¼Œæ—…æ¸¸çš„å¥½åœ°æ–¹
2017-08-19,æœªçŸ¥,5,é‡Œé¢å¥½å¤§ï¼Œæœ‰çš„åœ°æ–¹çš„æ°´æ¸…æ¾ˆè§åº•ï¼Œå€’å½±å¾ˆæ¼‚äº®
2018-05-08,æœªçŸ¥,5,çˆ¸å¦ˆçœ‹çš„å¾ˆå¼€å¿ƒ(à¹‘>Ø‚<à¹‘ï¼‰
2016-04-18,æœªçŸ¥,5,é’Ÿä¹³å¥‡çŸ³ï¼ŒçŠ¹å¦‚ç›˜é¾™ï¼Œä¸–é—´å°‘æœ‰ï¼Œä¸è™šæ­¤è¡Œã€‚
2017-09-22,æœªçŸ¥,4,è¿˜å¥½èƒ½ä¹°å­¦ç”Ÿç¥¨ï¼Œä»·æ ¼ä¾ç„¶ä¸ä¾¿å®œï¼Œé‡Œé¢æ™¯è§‚ä¸é”™ï¼Œåªæ˜¯æº¶æ´žçœ‹çš„å¤ªå¤šäº†æ„Ÿè§‰ä¹Ÿå°±è¿™æ ·äº†
2017-06-01,æœªçŸ¥,4,è¿™æ™¯ç‚¹ä¸»è¦è¦å‚è§‚å¥‡çŸ³å²©æ´žä¸ºä¸»ï¼Œæœ‰æ°´æ™¶å®«ä¹‹ç§°ï¼Œå½“å¹´è¥¿æ¸¸è®°ä¹Ÿåœ¨æ‹æ‘„ä¹Ÿåœ¨è¿™é‡Œå–æ™¯è¿‡
2017-05-08,æœªçŸ¥,5,æ¡‚æž—çš„èšé¾™æ½­å°±åœ¨é˜³æœ”ï¼Œå¥½ç¾Žï¼Œæ¸¸å®¢å¾ˆå¤š
2017-09-10,æœªçŸ¥,5,å¯¹äºŽæ²¡æ¸¸è§ˆè¿‡æº¶æ´žçš„äººéžå¸¸ä¸é”™ï¼Œæœ‰ç‚¹è¶…å€¼æ—…æ¸¸è§‚èµçš„åœ°æ–¹ï¼Œæ™¯åŒºå†…å²©çŸ³åŠæ¸¸èˆ¹éƒ½å¾ˆç¾ŽåŠæœåŠ¡åˆ°å®¶ï¼ŒåŽ»é˜³æœ”å¯æŽå¸¦æ¸¸çŽ©çš„åœ°æ–¹ï¼Œ.
2017-04-20,æœªçŸ¥,5,èšé¾™æ½­ç”±é»‘å²©ã€æ°´å²©ç»„æˆï¼Œå…¼æ°´é™†ä¹‹èƒœ
2016-10-12,æœªçŸ¥,4,èšé¾™æ½­éžå¸¸å¥½çŽ©ã€‚å¥‡çŸ³é¦†æ²¡ä»€ä¹ˆå¥½çœ‹çš„
2018-10-04,æœªçŸ¥,4,å°±æ˜¯ä¸ªå°æº¶æ´žï¼Œæ²¡æœ‰ä»€ä¹ˆç‰¹è‰²ã€‚ã€‚ã€‚
2022-02-02,æœªçŸ¥,4,è‡ªç„¶æ™¯è‰²å¾ˆç¾Žï¼Œæ²¡æœ‰æ€Žä¹ˆå¼€å‘çš„æ™¯ç‚¹ï¼Œå–œæ¬¢çˆ¬å±±çš„æœ‹å‹å¯ä»¥æ¥èµ°èµ°ï¼Œæœ‰å¾ˆå¤šè´è¶
2021-07-24,æœªçŸ¥,5,é£Žæ™¯ä¼˜ç¾Žï¼å¥½ä¼¼ä¸€å¹…ç¾Žä¸½çš„ç”»å·ï¼
2017-06-10,æœªçŸ¥,4,å²©å¤–å¥‡å³°ç«žç§€å®›å¦‚ç¥žé¾™è…¾äº‘ï¼Œå²©å†…ä¹³çŸ³å¤šå§¿ï¼Œå·§ä¼¼æ¸¸é¾™æˆæ°´ï¼Œæ•…å–åèšé¾™æ½­ï¼
2015-11-09,æœªçŸ¥,3,è¿›èšé¾™æ½­ï¼Œè·¯ç¨‹å¤ªèµ¶ï¼Œå†…å¯¼èµ°å¾—å¤ªå¿«ï¼Œæ™¯ç‚¹éƒ½è¿˜æ²¡æœ‰èƒ½å¥½å¥½æ¬£èµï¼Œå°±å¸¦è¿‡äº†â€¦â€¦è±¡åŒ†åŒ†è¿‡å®¢ï¼Œç•™ä¸‹å¾ˆå·®çš„å°è±¡â€¦â€¦
2017-07-31,æœªçŸ¥,4,å¯¹äºŽæ²¡æ¸¸è§ˆè¿‡æº¶æ´žçš„äººéžå¸¸ä¸é”™ï¼Œæœ‰ç‚¹éœ‡æ’¼
2015-11-04,æœªçŸ¥,4,æ„Ÿè§‰æ²¡ä»€ä¹ˆå¥½çœ‹çš„ï¼Œæ¯”é“¶å­å²©å·®å¤šå•¦â€¦â€¦æ®è¯´é‡Œé¢æœ‰æ³¥å·´æµ´
2019-06-23,æœªçŸ¥,4,å±±æ¸…æ°´ç§€ã€‚åŽ»çš„æŒºå‡‰çˆ½çš„ï¼Œå°½ç®¡æ˜¯åœ¨ç‚Žç‚Žå¤æ—¥è¿‡åŽ»ã€‚
2017-08-22,æœªçŸ¥,5,è¶…å€¼æ—…æ¸¸è§‚èµçš„åœ°æ–¹ï¼Œæ™¯åŒºå†…å²©çŸ³åŠæ¸¸èˆ¹éƒ½å¾ˆç¾ŽåŠæœåŠ¡åˆ°å®¶ï¼ŒåŽ»é˜³æœ”å¿…æ¸¸çš„åœ°æ–¹ï¼Œå¼ºåŠ›æŽ¨è!!!
2017-07-11,æœªçŸ¥,4,åŸºæœ¬ä¸Šè·ŸéŠ€å­å²©å¾ˆç›¸ä¼¼...ä½†ä¹Ÿæ˜¯å¥½é€›çš„..
2015-10-24,æœªçŸ¥,4,ç©ºæ°”å¾ˆå¥½ï¼Œå¯ä»¥è‡ªå·±ç§Ÿä¸ªè‡ªè¡Œè½¦éª‘éª‘ï¼Œå€¼å¾—å°è¯•
2016-10-17,æœªçŸ¥,5,ä¸€å®¶äººå‡ºè¡Œçš„ï¼Œé£Žæ™¯ç§€ä¸½ï¼Œå¦‚åœ¨ç”»ä¸­ã€‚ä¸‹æ¬¡è¿˜ä¼šæ¥ï¼Œé—¨ç¥¨æœ‰ç‚¹è´µã€‚ä¸è¿‡ä¹Ÿå€¼å¾—ä¸€æ¸¸ã€‚å®Œæ¯•ã€‚
2017-10-20,æœªçŸ¥,2,åº”è¯¥è¯´æ˜¯åé‡Œç”»å»Šé‡Œï¼Œç›¸å¯¹æ¥è¯´è¿˜ç¨å¾®å€¼å¾—ä¸€åŽ»çš„åœ°æ–¹ï¼Œå¯¹äºŽæº¶æ´žæ¥è®²ï¼Œä¸€èˆ¬èˆ¬ï¼Œæ²¡æœ‰ä»€ä¹ˆç‰¹æ®Šçš„ã€‚è™½ç„¶è¦åèˆ¹ï¼Œä½†æ˜¯éžå¸¸éžå¸¸çŸ­ã€‚åŸºæœ¬ä¸Šè¿˜æ˜¯ä»¥èµ°è·¯ä¸ºä¸»ã€‚
2017-10-08,æœªçŸ¥,5,ç¾Žåˆ°æ— å¯æ›¿ä»£ï¼Œå»ºè®®ä¸‹æ¬¡åŽ»é˜³æœ”ç»§ç»­å‰åŽ»çŽ©
2016-06-20,æœªçŸ¥,3,å¯èƒ½æ—…æ¸¸å¤šäº†ï¼Œæ„Ÿè§‰æ™¯ç‚¹éƒ½åŒºåˆ«ä¸å¤§ï¼
2017-09-25,æœªçŸ¥,5,æ„Ÿè§‰å¾ˆå¥½ã€é‡Œé¢ç‰¹å‡‰å¿«å¾ˆèˆ’æœæ²¡åŽ‹åŠ›
2017-06-16,æœªçŸ¥,3,æº¶æ´žé è¿‘å¤§æ¦•æ ‘ï¼Œå¯ä»¥å‚è§‚å®Œåƒå¹´å§¥å§¥ï¼ˆå¤§æ¦•æ ‘ï¼‰åŽï¼Œé¡ºè·¯åŽ»è§‚èµï¼Œè¿˜æ˜¯å¾ˆä¸é”™çš„
2016-10-03,æœªçŸ¥,4,æ€»ä½“æ€§ä»·æ¯”è¿˜ä¸é”™ï¼Œè‡ªé©¾æ¸¸è¿‡åŽ»ï¼Œç½‘ä¸Šè®¢ç¥¨è¿˜ç®—æŒºä¾¿å®œã€‚...............................
2024-11-14,å¹¿è¥¿,5,è¶…çº§æ£’çš„ä½“éªŒï¼Œè®²è§£çš„å¾ˆå¥½ï¼Œè¿˜å¯ä»¥åèˆ¹ï¼Œé‡Œé¢éžå¸¸å¤§å’Œç¾Žï¼Œä¸€å®šè¦æŽ¨èåŽ»å•Šã€‚
2017-10-08,æœªçŸ¥,5,å¥½çŽ©ï¼ŒæŒºç¾Žçš„é£Žæ™¯ï¼Œå¾ˆæƒ³å†èµ°ä¸€é
2017-08-17,æœªçŸ¥,5,çŸ³æ´žå²©çŸ³ç›¸å½“ç¾Žï¼Œå€¼å¾—åŽ»çœ‹ä¸€çœ‹ã€‚
2018-01-24,æœªçŸ¥,4,æ¯”è¾ƒè€çš„æº¶æ´žï¼Œå²©çŸ³éƒ½æ°§åŒ–äº†ï¼Œå…¨é ç¯å…‰æ•ˆæžœï¼ŒçŽ©æº¶æ´žå»ºè®®åŽ»æ–°å¼€å‘çš„ï¼Œé‚£é’Ÿä¹³çŸ³æ‰å«æ™¶èŽ¹å‰”é€ï¼Œå…‰æ»‘ç»†è…»ã€‚æ¯”å¦‚å…´éš†æº¶æ´ž
2017-12-07,æœªçŸ¥,5,å¾ˆå¥½çŽ©ï½žå€¼å¾—ä¸€çœ‹ï½žå·²ç»åŽ»è¿‡ä¸‰æ¬¡ï¼Œä¸è¿‡çŽ°åœ¨é‚£è¾¹å¾ˆå¤šæ™¯åŒºåœè½¦éƒ½è¦æ”¶è´¹ï½ž
2017-06-03,æœªçŸ¥,5,è¿™ä¸ªæ™¯ç‚¹è¿˜æ˜¯å€¼å¾—ä¸€æ¸¸çš„ï¼Œå²©æ´žä¸­è¿˜ä¹˜äº†ä¸¤æ¬¡å°èˆ¹ï¼Œæ´žä¸­çš„æ™¯è‰²è¿˜æ˜¯ä¸é”™çš„
2020-08-29,æœªçŸ¥,5,æ™¯è‰²å®œäººï¼Œå°±æ˜¯å”®ç¥¨å¤„äººå‘˜ä¸è®²ç†ï¼Œä»–ä»¬æ™¯åŒºçš„è§„å®šé«˜è¿‡å›½å®¶çš„æ–‡ä»¶ã€‚
2019-10-05,æœªçŸ¥,4,ä»·æ ¼è¿˜ç®—å¯ä»¥ ï¼Œä¹°ç¥¨åŽä¸¤å°æ—¶åŽå¯ä»¥å…¥å›­æ¸¸çŽ©ï¼Œ
2022-08-13,å¹¿è¥¿,1,èŠ±äº”åå¤šè¿›æ¥é€›å•†åœºå‘¢è¿™æ˜¯ï¼Œå·®ä¸å¤šå¾—äº†ã€‚è¯´æ˜¯æ°´é™†ä½“éªŒï¼Œåˆšè¿›æ´žé‡Œä¹Ÿå°±æ’‘äº†ä¸åˆ°åä¸‹ï¼ŒäºŒåå¤šäººå°±ä¸‹èˆ¹äº†ï¼Œæ•´ä¸ªåèˆ¹è¿‡ç¨‹ä¸è¶…è¿‡ä¸¤åˆ†é’Ÿã€‚ç„¶åŽèµ°ä¸¤ä¸ªæ™¯ç‚¹å°±æ˜¯ä¸€ä¸ªæ”¶è´¹æ‹ç…§ï¼Œå†èµ°ä¸¤ä¸ªåˆæ˜¯ä¸€ä¸ªï¼Œå†èµ°ä¸¤ä¸ªç›´æŽ¥é€›è¶…å¸‚ï¼Œå‡ºå£æ›´æ˜¯ä¸ªxxï¼Œæœ‰è·¯ä¸è®©ä¸‹ï¼Œéžå¾—å¸¦ç€ä½ åœ¨ä»–ä»¬çš„è¶…å¸‚é‡Œç»•ï¼Œæˆ‘æ‹äº†å¼ å›¾ï¼Œæ•´ä¸ªæ™¯åŒºè¶…å¸‚å•¥éƒ½æœ‰ï¼Œå”¯ç‹¬æ²¡æœ‰ðŸ´ï¼Œæ‡‚å¾—éƒ½æ‡‚ã€‚å¦‚æžœæƒ³è§‚å…‰å–€æ–¯ç‰¹æº¶æ´žï¼Œè¿™ä¸€å¤„ç»ä¸æŽ¨èã€‚æ•´ä½“æº¶æ´žæ¯«æ— æ°”åŠ¿ï¼Œè¯´å¥½å¬ç‚¹å«æº¶æ´žï¼Œä¸å¥½å¬ç‚¹å°±æ˜¯æ‰“äº†ç¯çš„ä¸€å­—æˆ·åž‹æ¯›å¯æˆ¿ã€‚è·Ÿé‡åº†æ­¦éš†çš„æº¶æ´žä¸ä¸€æ ·ï¼Œå¯ä»¥å¤šç•™æ„ä¸€ä¸‹ï¼Œè¿™è¾¹æ´žé‡Œæ°´å¾ˆå¤šï¼Œæ°´ç®¡ä¹Ÿå¾ˆå¤šï¼Œæ°´ç®¡è¯´çš„æ˜¯äººå·¥è¾“æ°´ç®¡ï¼Œå°±åƒå°åŒºäººå·¥æ¹–é‡Œå¡«æ°´æŠ½æ°´çš„é‚£ç§ç®¡å­ã€‚å¯¼æ¸¸çš„è§£è¯´è¯ä¹Ÿå¾ˆæœ‰æ„æ€ï¼Œåå¤å¼ºè°ƒè¿™é‡Œæ˜¯è¥¿æ¸¸è®°é¾™å®«çš„å–æ™¯åœ°ï¼Œä½†æ˜¯åˆšä¸€è¿›æ´žåˆè¯´æ˜¯ä¹äºŒå¹´å¼€å‘çš„ï¼Œä¸€çœ‹è¿™å°±æ˜¯å‘¨æ˜Ÿé©°çš„ç²‰ä¸ï¼Œæœˆå…‰å®ç›’éšä¾¿ç”¨ï¼Œè·¨è¶ŠäºŒåå¹´æ¥ä½ è¿™å–æ™¯ã€‚æ€»ç»“ï¼Œè¿™æ˜¯ä¸€å¤„å™±å¤´éžå¸¸å¤šçš„ï¼Œæžåº¦å•†ä¸šåŒ–çš„æ™¯åŒºï¼Œé‡Œé¢å¾ˆå¤šä¸œè¥¿ä½ åœ¨è¥¿è¡—ä¹°ä¾¿å®œå¾ˆå¤šï¼Œæ¯”å¦‚å‡çš„é“¶é¦–é¥°ã€å°å­©çŽ©å…·ã€æ‰‹ä¸²ï¼Œä¸è¿‡é‚£ä¸ªæ‰€è°“â€œå¤œæ˜Žç â€ç¡®å®žå°±åœ¨è¿™æœ‰å–çš„ï¼Œä¸è¿‡ä¸çŸ¥é“å…·ä½“æ˜¯å•¥ï¼Œä»¥å‰è¯´çš„å¤œæ˜Žç å¤šå°‘éƒ½æ˜¯æœ‰æ”¾å°„æ€§ç‰©è´¨çš„ï¼Œè¿™ä¸ªå°±äºŒåä¸€å—ï¼Œä¹Ÿä¸çŸ¥é“æ˜¯å•¥çŽ©æ„ã€‚å¦‚æžœåªæƒ³æ¥çœ‹çœ‹æº¶æ´žï¼Œä¹°ç‚¹ä¸œè¥¿ï¼Œå¯ä»¥æ¥ï¼Œä½†æ˜¯æƒ³ä½“éªŒä¸€ä¸‹çœŸæ­£çš„å–€æ–¯ç‰¹æº¶æ´žï¼Œå»ºè®®æ‰¾æ‰¾åˆ«çš„åœ°æ–¹ã€‚
2017-07-17,æœªçŸ¥,5,æº¶æ´žå†…çš„æ™¯è‰²å¾ˆç¾Žï¼Œå„ç§çŸ³å¤´ä¹Ÿæ˜¯å¥‡å½¢æ€ªçŠ¶ï¼Œæ„Ÿè§‰è¿™æ¬¡æ¸¸è§ˆå¾ˆå€¼å¾—
2016-09-30,æœªçŸ¥,4,è¿›å…¥æ™¯åŒºè¦åä¸¤æ¬¡èˆ¹ï¼Œæº¶æ´žé‡Œé¢æœ‰äº›åœ°æ–¹æ¯”è¾ƒå¥½çœ‹ï¼Œæœ‰äº›å°±å¾ˆä¸€èˆ¬äº†ï¼Œæ€»çš„æ¥è¯´æ²¡ä»€ä¹ˆç‰¹åˆ«å¥‡ç‰¹çš„ï¼Œæ€»ä½“ä¸€èˆ¬ã€‚
2020-05-13,æœªçŸ¥,5,è¿›åŽ»éœ€è¦åå°æ®µèˆ¹ï¼ŒåŽ»çš„æ—¶å€™ä¸æ˜¯æ—ºå­£ï¼Œäººå¾ˆå°‘ï¼Œæ•´ä½“æ„Ÿè§‰è¿˜è¡Œ
2018-02-10,æœªçŸ¥,5,éžå¸¸å¥½ï¼Œ12345678900000
2018-01-03,æœªçŸ¥,5,æŒºå¥½çŽ©çš„ï¼Œåä¸€å°ä¼šå°è‰‡è¿›åŽ»æº¶æ´žï¼Œå‚è§‚å®Œæº¶æ´žï¼Œè¿˜æœ‰å¥‡çŸ³å®«
2017-12-07,æœªçŸ¥,5,å¾ˆå¥½çŽ©çš„ä¸€ä¸ªå¥½åœ°æ–¹ï½žç©ºæ°”æ¸…æ–°ï¼Œå¾ˆèˆ’æœï½žï½žä¸‹æ¬¡ç»§ç»­å…‰é¡¾ï½ž
2017-08-06,æœªçŸ¥,3,æ™¯ç‚¹ä¸€èˆ¬ï¼Œå¦‚æžœæœ‰æ—¶é—´å¯ä»¥åŽ»çœ‹çœ‹ã€‚
2021-04-08,æœªçŸ¥,3,æ•°æ¡é’Ÿä¹³çŸ³å¦‚å§é¾™ã€ç›˜é¾™ã€æ¸¸é¾™ã€æ•°ä¸èƒœæ•°ï¼Œå½¢æ€é€¼çœŸ
2017-06-18,æœªçŸ¥,5,è¿˜å¯ä»¥ï¼Œè¿›æ´žåä¸€æ®µèˆ¹å†èµ°ï¼Œä¸€åœˆä¸‹æ¥è¦1ä¸ªå°æ—¶
2016-04-02,æœªçŸ¥,3,å°±æ˜¯ä¸€äº›çŸ³å¤´ï¼Œå¯¹äºŽè´µå·žäººæ¥è¯´æ²¡æœ‰ä»€ä¹ˆç¨€å¥‡çš„ã€‚
2020-11-13,æœªçŸ¥,5,æ€§ä»·æ¯”é«˜ï¼Œæ™¯è‰²ä¸é”™ï¼Œæœ‰è¶£å¥½çŽ©ï¼Œæ€»ä½“è¶…èµžï¼Œ
2018-02-12,æœªçŸ¥,5,è™½ç„¶çœ‹äº†å¾ˆå¤šå²©æ´žï¼Œä¹Ÿå„æœ‰åƒç§‹ï¼Œè¿˜æ˜¯ä¸é”™çš„
2016-08-18,æœªçŸ¥,4,æº¶æ´žæ¸¸èˆ¹ï¼Œæ„Ÿè§‰è¿˜å¯ä»¥ï¼Œä½ç½®ä¸å¤§ï¼Œå¾ˆå¿«çŽ©å®Œæº¶æ´žæ¸¸èˆ¹ï¼Œæ„Ÿè§‰è¿˜å¯ä»¥ï¼Œä½ç½®ä¸å¤§ï¼Œå¾ˆå¿«çŽ©å®Œ
2016-05-31,æœªçŸ¥,4,é‡Œé¢çš„æ™¯è±¡è¿˜å¯ä»¥ï¼ŒæŒºå£®è§‚çš„ï¼Œå¯¼æ¸¸æœåŠ¡æ€åº¦ä¸é”™ï¼Œæ„Ÿè§‰å€¼å¾—ä¸€åŽ»ï¼Œæ˜¯ä¸€ä¸ªä¸é”™çš„å¥½åœ°æ–¹ã€‚
2017-05-15,æœªçŸ¥,3,ä¸æ˜¯å¾ˆæŽ¨èçš„æ™¯ç‚¹ï¼Œäººå¤šï¼Œä¸ä¾¿å®œï¼Œæ²¡å•¥çœ‹
2018-08-31,æœªçŸ¥,5,å¾ˆä¸é”™ï¼Œå°å­©æŒºå–œæ¬¢çš„ï¼Œé‡Œé¢çš„æ™¯è§‚ä¸é”™
2017-08-15,æœªçŸ¥,5,"å¾ˆå¥½çŽ©,å€¼å¾—ä¸€æ¸¸,å°å­©è€äººéƒ½éžå¸¸å–œæ¬¢"
2019-03-14,æœªçŸ¥,4,è¿˜ç®—æœ‰ç‚¹çœ‹å¤´ã€‚é‡Œé¢æœ‰è®²è§£å‘˜ã€‚å¬ç€è®²è§£çœ‹å¾—å‡ºçŸ³å¤´çš„é€ åž‹ã€‚ä¸ç„¶ä¹Ÿä¸çŸ¥é“åœ¨çœ‹ä»€ä¹ˆ
2018-01-15,æœªçŸ¥,5,å¥½çŽ©ã€‚å¤§è‡ªç„¶çœŸç¥žå¥‡ï¼Œä»·æ ¼ä¹Ÿæ¯”è¾ƒä¼˜æƒ 
2017-08-01,æœªçŸ¥,5,å¾ˆå¥½ã€‚å–œæ¬¢ã€‚é€‚åˆä¸€å®¶å¤§å°ä¸€èµ·å‡ºè¡Œï¼
2016-06-27,æœªçŸ¥,3,å¾ˆä¸€èˆ¬ï¼Œè´­ç‰©ç‚¹å¤ªå¤šäº†ï¼æ„Ÿè§‰æ²¡ä»€ä¹ˆç‰¹åˆ«çš„ï¼Œå°±ä¸€ä¸ªå²©æ´žï¼Œè€Œä¸”æ¯”èµ·å…¶ä»–å²©æ´žï¼Œåˆå°ï¼Œåˆä¸å¥½çœ‹ï¼å»ºè®®çœ‹è¿‡å²©æ´žå°±åˆ«åŽ»äº†ï¼æ²¡æ„æ€
2018-02-15,æœªçŸ¥,5,ç”¨äº†æºç¨‹çš„ä¼˜æƒ åˆ¸è§‰å¾—å¾ˆåˆ’ç®—ï¼ï¼ï¼
2017-10-07,æœªçŸ¥,5,åèˆ¹å…¥æ´žï¼Œæ´žå†…å¾ˆç¾Žï¼Œå¥‡çŸ³é¦†ä¹Ÿå¾ˆç¾Ž
2017-07-27,æœªçŸ¥,5,å¯¼æ¸¸æœåŠ¡æ€åº¦è¿˜è›®å¥½çš„ï¼Œæ™¯åŒºä¹Ÿä¸é”™
2019-09-23,æœªçŸ¥,5,å¾ˆå¼€å¿ƒçš„æ—…æ¸¸ä½“éªŒï¼Œä¸‹æ¬¡è¿˜ä¼šå†æ¥
2019-01-21,æœªçŸ¥,4,ä¸€èˆ¬èˆ¬ï¼Œä¸æ˜¯ç‰¹åˆ«æ–°äº†ï¼Œçœ‹äº†é“¶å­å²©çœ‹è¿™ä¸ªæ„Ÿå—æ²¡é‚£ä¹ˆå¥½
2017-11-16,æœªçŸ¥,5,æœåŠ¡æ€åº¦å¥½ï¼Œé£Žæ™¯ä¼˜ç¾Žï¼Œå€¼å¾—ä¸€åŽ»
2017-08-19,æœªçŸ¥,5,è€çˆ¸è¯´è¿˜å¯ä»¥ï¼Œä¸»è¦æ˜¯å¸¦ä»–ä»¬åŽ»çŽ©
2016-11-13,æœªçŸ¥,3,å•†ä¸šå‘³æœ‰äº›é‡ï¼Œä¸Žå¥‡çŸ³é¦†è¿žåœ¨ä¸€èµ·
2017-03-30,æœªçŸ¥,5,è¿˜å¯ä»¥å§ï¼Œä»·é’±ä¹Ÿä¸è´µï¼Œå‘µå‘µ?
2022-06-05,æœªçŸ¥,4,å¾ˆå°‘åŽ»æº¶æ´žã€‚æ„Ÿè§‰è¿˜è›®æ–°å¥‡ã€‚é™„è¿‘æ™¯ç‚¹æ¯”è¾ƒå¤šï¼Œå¯ä»¥å¤šä¸€è·¯çœ‹è¿‡åŽ»ã€‚
2020-09-01,æœªçŸ¥,1,æ•´ä¸ªæ—…ç¨‹æœ€ä¸æ»¡æ„çš„ä¸€ä¸ªæ™¯ç‚¹ï¼Œæ´žé‡Œçš„é’Ÿä¹³çŸ³å¤§å¤šéƒ½è€åŒ–åœæ­¢ç”Ÿé•¿çš„ï¼Œç›¸å½“äºŽçœ‹çŸ³å¤´ï¼Œå¯¼æ¸¸æœåŠ¡ä¹Ÿä¸å¤Ÿå¥½ï¼Œåœ¨ç…§ç›¸ç‚¹å°±æ®·å‹¤çš„é‚€è¯·æ¸¸äººæ‹ç…§ï¼Œå…¶ä½™å°±åŒ†åŒ†å¿™å¿™çš„å¾€å‡ºå£æ–¹å‘èµ¶ï¼Œå¥‡çŸ³å®«æ›´åŠ æ— è¯­ï¼Œå°±æ˜¯çŽ»ç’ƒç½©ä¸‹çš„é’Ÿä¹³çŸ³ï¼Œæ´žå†…è¿˜æœ‰è´­ç‰©ç‚¹ï¼Œè¯´æ˜¯æ°´è·¯ä¹Ÿåªæœ‰3minçš„è·¯ç¨‹ï¼Œæ­¤ç”Ÿä¸ä¼šå†åŽ»
2020-07-29,æœªçŸ¥,5,å€¼å¾—æŽ¨èï¼Œæ™¯è‰²ä¸é”™ï¼Œ
2020-01-27,æœªçŸ¥,5,æ²¡çœ‹åˆ°å•¥ï¼Œå°±è¿™ä¹ˆåœ°å§
2019-12-29,æœªçŸ¥,5,ä¸éŒ¯ï¼Œå€¼å¾—çœ‹ä¸€ä¸‹ï½ž
2023-07-20,æµ™æ±Ÿ,5,å°å­©çº¸æŒºå–œæ¬¢çš„
2020-10-08,æœªçŸ¥,1,å¤ªæŒ«äº†ï¼Œé‡Œé¢å…¨æ˜¯æŽ¨é”€ä¹°ä¸œè¥¿çš„ï¼Œä»€ä¹ˆæ‹ç…§ç‰‡25å…ƒä¸€å¼ ï¼Œå‡ æ­¥å°±ä¸€ä¸ªï¼Œä¸€è·¯ä¸Šæœ‰4ä¸ªç‚¹ï¼ŒåŸºæœ¬ä¸Š200ç±³ä¸€ä¸ªç‚¹ï¼Œè¿˜æœ‰å„ç§æ‘Šä½ï¼Œå·®è¯„ï¼Œåˆ«åŽ»ï¼Œä¸å€¼å¾—
2022-10-13,å¹¿è¥¿,5,éžå¸¸å¼€å¿ƒå¾ˆå¥½
2018-02-18,æœªçŸ¥,4,å·±ç»ç¬¬ä¸‰æ¬¡æ¥ï¼Œè¿™æ¬¡ä¸»è€é™ªçˆ¶æ¯è¿˜æ˜¯å¯ä»¥ï¼Œè€äººå®¶ä¹Ÿè¿˜å¼€å¿ƒ
2018-01-19,æœªçŸ¥,4,è¿˜å¯ä»¥å§ï¼ ä¸è¿‡ä¸ºä»€ä¹ˆæ¡‚æž—çš„æ™¯ç‚¹é‡Œéƒ½æœ‰æ‹‰æ¸¸å®¢æ‹ç…§çš„ï¼Ÿï¼
2017-04-28,æœªçŸ¥,4,é©¬é©¬è™Žè™Žï¼Œå…¨å›½çš„æº¶æ´žå¤§åŒå°å¼‚!æœ€åŽè¿˜æœ‰ä¸€ä¸ªç‹—å±å¥‡çŸ³é¦†
2022-10-31,å¹¿è¥¿,5,è¿˜æ˜¯ä¸é”™çš„
2020-08-04,æœªçŸ¥,4,è¿˜æ˜¯å¯ä»¥çš„
2020-05-29,æœªçŸ¥,5,æ™¯è‰²ä¸é”™ï¼Œ
2018-01-01,æœªçŸ¥,4,èšé¾™æ½­ä¸»è¦é€›çš„è¿˜æ˜¯ä¸€ä¸ªå¤§çŸ³æ´žï¼Œé‡Œé¢è¿˜æ˜¯å¾ˆä¸é”™çš„
2017-12-25,æœªçŸ¥,4,çŽ°åœºé…æœ‰å¯¼æ¸¸è®²è§£ï¼Œè¿˜æ˜¯ä¸é”™çš„ã€‚25åˆ†é’Ÿæ¸¸è§ˆè¡Œç¨‹
2017-07-28,æœªçŸ¥,4,å¥‡è§‚ï¼Œå·§å¤ºå¤©å·¥ï¼åªæ˜¯ä¸çŸ¥é“æ˜¯ä¸æ˜¯å¤©ç„¶å½¢æˆçš„ï¼
2016-08-06,æœªçŸ¥,3,é¢„è®¢éœ€è¦æå‰ï¼Œå–ç¥¨è¿˜æ¯”è¾ƒæ–¹ä¾¿ï¼Œä½†æ˜¯æ™¯ç‚¹é‡è§å›¢é˜Ÿï¼Œå¾ˆçƒ¦èºï¼Œæ™¯åŒºå‡ºå£å„ç§å˜ˆæ‚å•†ä¸šæ°›å›´ã€‚
2023-10-04,å¹¿è¥¿,1,"äº²èº«ç»åŽ†ï¼š <poi id=""510001"" type=""4"" businesstype=""0"" h5url=""https://m.ctrip.com/webapp/you/tripshoot/topicPage?seo=0&isHideHeader=true&isHideNavBar=YES&navBarStyle=white&autoawaken=close&popup=close&topicId=510001"" appurl=""https://m.ctrip.com/webapp/you/tripshoot/topicPage?seo=0&isHideHeader=true&isHideNavBar=YES&navBarStyle=white&autoawaken=close&popup=close&topicId=510001"" wxurl=""https://m.ctrip.com/webapp/you/tripshoot/topicPage?seo=0&isHideHeader=true&isHideNavBar=YES&navBarStyle=white&autoawaken=close&popup=close&topicId=510001&isMini=2"" >#èšé¾™æ½­</poi> 1ã€åèˆ¹3åˆ†é’Ÿï¼Œæ­¥è¡Œ47åˆ†é’Ÿã€‚ 2ã€æº¶æ´žé‡Œé¢å¸ƒç½®çš„è¿˜ä¸é”™ï¼Œä½†é‡Œé¢å®‰æŽ’äº†ä¸‰å¤„æ‹ç…§ï¼Œäººè¿˜æ²¡å‡ºæ™¯åŒºï¼Œæ™¯åŒºäººå‘˜å°±æ‰“å°è£…è£±å‡ºæ¥äº†ï¼Œä¸€å¼ 25å…ƒéœ€è¦æ”¶è´¹ã€‚ä¸è¦ç…§ç‰‡çš„è¯ä¼šè¢«é”€æ¯ï¼Œç»™äººæ„Ÿè§‰éžå¸¸ä¸å¥½ã€‚ 3ã€å‡ºå£å¤„å®‰æŽ’çƒ§é¦™å’Œç‚¹èŽ²èŠ±ç¯ï¼ŒèŽ²èŠ±ç¯è¦30å…ƒï¼Œä¸ç‚¹çš„è¯ï¼Œâ€œå¤§å¸ˆâ€ä¼šè¯´ä½ ã€‚ 4ã€æº¶æ´žå‡ºå£è¿˜æœ‰çœ‹çŸ³å¤´çš„å±•è§ˆï¼Œé‡Œé¢ä¼šæœ‰æœ¨å¤´æ³¡æ°´ä¸é€šé£Žçš„éœ‰å‘³ã€‚"
2019-01-05,æœªçŸ¥,1,å¾ˆå·® é¦–å…ˆæ‰€æœ‰é—¨ç¥¨åŽ»é—¨å£ä¹°éƒ½ä¸€å®šç›´æŽ¥å–é€šç¥¨ï¼Œæ¯”ç½‘ä¸Šè´µå¾ˆå¤šï¼Œç½‘ä¸Šåˆæ˜¯ä¸€ä¸ªå°æ—¶æ‰å‡ºç¥¨ï¼Œå¾ˆå¤šåœ°æ–¹ç”µå­å–ç¥¨æœºå™¨è¿˜éƒ½æ˜¯åçš„ ç¬¬äºŒï¼Œæ·¡å­£æ²¡äººï¼Œå¯¼æ¸¸å…ˆè¯´æ•£å®¢è¦ç­‰15åˆ†é’Ÿæˆå›¢ ç­‰äº†å¾ˆä¹…æ‰åˆ°è¿›åŽ»åŽå¯¼æ¸¸æ‹¼å‘½å¿«èµ° äººè¿˜æ²¡åˆ°é½å°±å¼€å§‹è®²æ™¯ç‚¹ï¼ŒåŽé¢ç…§ç›¸ä¹°ä¸œè¥¿çœ‹æ²¡å…´è¶£ï¼ŒæŽ¥ä¸‹æ¥æ™¯ç‚¹è®²è§£ç›´æŽ¥çœäº†å°±è¶…å¿«å¾€å¤–èµ° å¥‡çŸ³é¦†ä¸€ä¸ªäººéƒ½æ²¡æœ‰ä¹Ÿæ²¡ä»€ä¹ˆæ„æ€
2018-02-19,æœªçŸ¥,3,æ½­å†…å–€æ–¯ç‰¹åœ°è²Œå½¢æˆçš„å„ç§å²©çŸ³ï¼Œå½¢æ€ä¸€èˆ¬
2017-08-16,æœªçŸ¥,4,è¿˜æ˜¯æ¯”è¾ƒå€¼å¾—çŽ©çŽ©çš„ï¼Œå°±æ˜¯å¸¦å°å­©ä¸å¤ªæ–¹ä¾¿
2018-05-24,æœªçŸ¥,3,ä¸€èˆ¬ï¼Œæ¯”èµ·è·Ÿå¤šåœ°æ–¹çš„çŸ³å¤´ä¸ç®—å¥½çœ‹ï¼Œè¿˜æœ‰å¾ˆå¤šè®©äººæ‹ç…§çš„åœ°æ–¹å’Œè®©äººä¹°ä¸œè¥¿çš„åœ°æ–¹
2017-11-12,æœªçŸ¥,4,å…¸åž‹çš„æº¶æ´žé£Žæ™¯ï¼Œè¿˜ä¸é”™ï¼Œå€¼å¾—ä¸€åŽ»
2017-04-28,æœªçŸ¥,4,40å…ƒé—¨ç¥¨ä»·æ ¼è¿˜è¡Œï¼Œå¦åˆ™æ²¡æ„æ€!
2017-07-11,æœªçŸ¥,4,æŒºä¸éŒ¯çš„...æ™¯è§€æŒºå¥½çš„...
2017-07-06,æœªçŸ¥,4,å¾ˆå¥½ã€‚çŽ©çš„å¾ˆå¼€å¿ƒã€‚çŽ¯å¢ƒä¹Ÿä¸é”™ã€‚
2020-12-29,æœªçŸ¥,3,æº¶æ´žæ¸¸éƒ½å·®ä¸å¤šï¼Œä¹°ä¹‹å‰ä¸äº†è§£ï¼Œå¯çŽ©æ€§ä½Žï¼Œä»¥åŽåº”è¯¥ä¸ä¼šçŽ©ç±»ä¼¼çš„é¡¹ç›®äº†
2024-08-02,å¹¿è¥¿,1,ç½‘å‹ä»¬è°¨æ…Žé€‰æ‹©ã€‚åŽ»è¿‡çš„æº¶æ´žæœ€å·®äº†ï¼ŒåŽ»è¿‡çš„æ™¯ç‚¹æœ€å·®äº†ã€‚ä¸çŸ¥é“æ€Žä¹ˆèƒ½è¯„ä¸Š4Açš„ã€‚æ™¯ç‚¹çœŸçš„å¾ˆå·®ï¼Œè¶…çº§å·®ã€‚å°±ç…§ç‰‡å‡ ä¸ªæ™¯ç‚¹ï¼Œæžæ‹ç…§æ”¶è´¹çš„æ¯”ç…§ç‰‡è¿˜å¤šã€‚å¥‡çŸ³é¦†æ›´å·®ï¼Œæœ‰äº›å…¬å›­æ‘†æ”¾å‡ºæ¥çš„éƒ½æ¯”è¿™å¥½ã€‚
2023-08-14,å¹¿è¥¿,4,æ™¯è‰²ä¼˜ç¾Žï¼Œå€¼å¾—ä¸€æ¸¸
2024-07-13,å¹¿è¥¿,4,å²©æ´žé‡Œå¾ˆå‡‰å¿«
2020-08-19,æœªçŸ¥,4,äº¤é€šä¸æ–¹ä¾¿
2024-04-27,å¹¿è¥¿,3,ä¸ªäººè§‰å¾—ä¸å€¼å¾—åŽ»ï¼Œå¦‚æžœå–œæ¬¢çŸ³æ´žçš„å¯ä»¥åŽ»çœ‹çœ‹
2017-03-12,æœªçŸ¥,3,ä¸å€¼è¿™ä¸ªä»·é’±ï¼Œæ™¯ç‚¹ä¸€èˆ¬ï¼Œä¸å»ºè®®å¤§å®¶åŽ»
2020-12-30,æœªçŸ¥,3,æ€§ä»·æ¯”ä½Žï¼Œå¯çŽ©æ€§ä½Žï¼Œæ™¯è‰²ä¸€èˆ¬ï¼Œ
2017-09-08,æœªçŸ¥,3,æ¸¸å®Œå·®ä¸å¤š1ä¸ªå°æ—¶ã€‚æ„Ÿè§‰ä¸€èˆ¬ã€‚
2021-03-30,æœªçŸ¥,3,å°±é‚£æ ·ï¼Œæ²¡ä»€ä¹ˆæ–°é²œçš„
2019-02-06,æœªçŸ¥,1,å¼€è½¦è¿‡åŽ»çš„ï¼Œåˆšåˆšå…«ç‚¹é›¶ä¸‰åˆ†è¯´æ˜¯äº¤é€šç®¡åˆ¶ä¸è®©è¿›åŽ»ï¼Œé™¤éžæœ‰é€šè¡Œè¯ï¼Œ2æœˆ5æ—¥ä¸‹åˆä¸¤ä¸‰ç‚¹é’Ÿä¹°çš„é—¨ç¥¨ï¼Œä¹°çš„æ—¶å€™è¯´2æœˆ6æ—¥12ç‚¹å‰å¯é€€ï¼Œç»“æžœ6å·äº¤é€šç®¡åˆ¶è¿›ä¸åŽ»äº†æƒ³é€€ï¼Œåˆæ˜¾ç¤º2æœˆ5æ—¥ä¸­åˆ12ç‚¹å‰å¯é€€ï¼Œæ€»ä¹‹å°±æ˜¯é’±èŠ±äº†æ²¡åŽ»æˆä¹Ÿä¸ç»™é€€ï¼Œè¢«å¥—è·¯äº†ï¼Œå¾ˆç”Ÿæ°”ï½žç»™åŽè¾¹ä¹°çš„å°ä¼™ä¼´ä¸€ä¸ªæç¤ºå§ï½ž
2020-09-11,æœªçŸ¥,3,æ™¯è‰²ä¸€èˆ¬ï¼Œ
2018-08-16,æœªçŸ¥,2,å°ŽéŠåªé¡§æ”¶è²»æ‹ç…§ï¼Œè€Œä¸”éžå¸¸å¤šçš„ä½ç½®æ˜¯æ”¶è²»æ‹ç…§ï¼Œåˆå«æˆ‘å€‘ä¸èƒ½è‡ªç”±è¡Œï¼Œè¦å¾…æ‹ç…§å¾Œæ‰å¯ä»¥è¡Œã€‚
2021-06-07,æœªçŸ¥,2,åå‡ å¹´å‰åŽ»è¿‡ä¸€æ¬¡äººå±±äººæµ·ï¼ˆæ—…è¡Œç¤¾åŽ»çš„ç‚¹ï¼‰ï¼ŒçŽ°åœ¨äººå°‘çš„å¯æ€œã€‚çŽ°åœ¨çœŸæ˜¯å·®çš„è¦æ­»ï¼Œ1ã€æœåŠ¡ä¸‹é™å¥½å¤šï¼Œä¹°äº†ç¥¨è®©æˆ‘ä»¬åå‡ äººç­‰åäº”åˆ†é’Ÿï¼Œè¯´åäº”åˆ†é’Ÿä¸€æ‰¹ï¼Œæƒ³æƒ³é˜²ç–«ä¹Ÿå¯¹ï¼Œç­‰äº†ååˆ†é’Ÿå·¦å³æ¥äº†ä¸€å¤§å·´è½¦ï¼Œé©¬ä¸Šæ‹‰ç€æˆ‘ä»¬å‡ åå·äººå°±è¦è¿›å…¥ï¼Œæˆ‘ä»¬å«Œäººå¤šæ„¿æ„å†ç­‰15åˆ†é’Ÿï¼Œä¸è¡Œã€å¿…é¡»ä¸€èµ·è¿›ï¼2ã€æ´žå†…ç¯å…‰æ„Ÿè§‰æ¬ ç»´æŠ¤ï¼Œç¯å…‰æ•ˆæžœå¥½å·®ï¼Œæ²¡æœ‰é•‡æ´žæ™¯ç‚¹ã€‚3ã€åŽŸå§‹æ™¯è‰²å·®ç‚¹ä¹Ÿèƒ½æŽ¥å—ï¼Œä½†ä½ ä¸èƒ½åœ¨æ´žé‡Œç”¨å›¾ç‰‡å½“æ™¯å§ï¼Œè¿˜æ˜¯é™Œç”Ÿäººçš„ç…§ç‰‡ï¼4ã€åŸºæœ¬æº¶æ´žéƒ½ä¼šæœ‰å…è´¹æ‹ç…§ç‚¹ï¼Œä½†æ˜¯è¿™åœ°æ–¹å±…ç„¶æŠŠæ‹ç…§ç‚¹è®¾ç½®åœ¨ä¸€ä¸ªæ¥¼æ¢¯å£ï¼Œä½ ä¸æ‹ç…§è¿‡ä¸åŽ»ï¼Œå¿…é¡»ä¸€ä¸ªä¸ªæŽ’é˜Ÿã€ç…§ç›¸å†è¿‡åŽ»ã€‚å›¾ç‰‡å°±ä¸å‘äº†ï¼Œæ²¡ä»€ä¹ˆç‰¹åˆ«å¥½çœ‹çš„æ™¯ï¼Œåªæ‹äº†ä¸€å¼ ï¼Œè¿˜4Aæ™¯åŒºï¼Œ3Aéƒ½è¾¾ä¸åˆ°ã€‚æ™¯è‰²ä¸€èˆ¬ï¼Œå¯çŽ©æ€§ä½Žï¼Œæœ‰å¾…æ”¹è¿›ï¼Œæ€§ä»·æ¯”ä½Žï¼Œ
2019-10-11,æœªçŸ¥,1,æ¯”é“¶å­å²©ã€èŠ¦ç¬›å²©æ™¯è‰²å·®è¶…å¤šï¼Œæ²¡ä»€ä¹ˆå¥½çœ‹çš„ç¥¨ä»·å±…ç„¶è¿˜æ¯”é“¶å­å²©è´µä¸€å€ï¼Œå¦‚æžœçœ‹æº¶æ´žï¼Œå»ºè®®åŽ»é“¶å­å²©ï¼Œå…¶æ¬¡æ˜¯èŠ¦ç¬›å²©ï¼Œå…¶ä»–ä¸å»ºè®®åŽ»
2022-09-11,å¹¿è¥¿,2,å·®è¯„ï¼Œå¼ºåˆ¶æ¶ˆè´¹ã€‚å»ºè®®äº²ä»¬å‡ºæ¥çƒ§å®Œé¦™å°±èµ°äº†ï¼Œä¸è¦ç‚¹é‚£ä¸ªèŽ²èŠ±ç¯ã€‚30å—é’±ã€‚è´µæ­»ã€‚
2018-07-10,æœªçŸ¥,2,å¤§åŒå°å¼‚çš„æº¶æ´žï¼Œæ™¯è‰²ä¸€èˆ¬ï¼Œæ²¡çœ‹è¿‡åŽ»ä¸€ä¸‹è¿˜è¡Œï¼Œå¾ˆå¤šçŸ³å¤´éƒ½å¼€å§‹æ°§åŒ–äº†ã€‚
2017-08-08,æœªçŸ¥,2,æ¯«æ— äº®ç‚¹ï¼Œå®žåœ¨æ˜¯æµªè´¹é’±ï¼Œä¸å¦‚åŽ»é“¶å­å²©ã€‚
2016-03-22,æœªçŸ¥,1,"ä¸å€¼å¾—çœ‹,æ²¡æœ‰æ¡‚æž—çš„èŠ¦ç¬›å²©å¥½çœ‹..è€Œä¸”æ¯”è¾ƒäººå·¥...çœŸçš„å¤ªå‡äº†...æˆ‘ä¸Šå½“äº†æ‰å‘Šè¯‰å¤§å®¶å¬çš„."
2020-06-21,æœªçŸ¥,2,å¥½ä¸€èˆ¬ æµ™æ±ŸçŽ‰åŽæ´žçœŸç³»å¥½ä¸Š100å€ æ—…è¡Œç¤¾å‡‘æ•°ç½¢äº†
2020-11-25,æœªçŸ¥,1,è‡­æ°´æ²Ÿã€‚ã€‚ã€‚ã€‚ä¸æ™“å¾—ä¸ºå•¥ä¸æ²»ç†ä¸€ä¸‹çŽ¯å¢ƒðŸ˜“åèˆ¹è¿›åŽ»é‚£ä¸€å°æ®µå„¿æ°´è·¯ï¼Œå·®ç‚¹æŠŠäººç†æ™•à¹‘_à¹‘
2023-06-29,å¹¿è¥¿,1,åžƒåœ¾æ™¯ç‚¹ï¼Œå®˜æ–¹ç¥¨55ï¼Œé»„ç‰›25ï¼›è¿›åŽ»ä¹‹åŽçƒçœ‹å¤´æ²¡æœ‰ï¼Œå…¨æ˜¯ä»˜è´¹çš„çºªå¿µå“ï¼Œå¤ªæ¶å¿ƒäº†ï¼
2018-04-05,æœªçŸ¥,1,åƒä¸‡åˆ«åŽ» å…¨æ˜¯éª—é’±çš„ã€‚å‘å¾—ä¸€æ‰¹ï¼Œå®Œå…¨äººé€ ã€‚
2023-09-08,å¹¿è¥¿,1,éª—æ®‹ç–¾äººè´¢äº§ï¼Œç‚¹èœ¡çƒ›æ”¶è´¹ðŸ˜¡ðŸ˜¡ðŸ˜¤
2021-05-12,æœªçŸ¥,1,æœ€åŽä¸€å¤©æ¸¸å¸¦æˆ‘å¦ˆåŽ»çš„ï¼Œç”±äºŽä¸‹é›¨ï¼Œé‡Œé¢çš„æ½­æ°´éƒ½æ˜¯é»„é»„çš„ï¼Œä¸€å †æ—…æ¸¸å›¢æŠŠæˆ‘ä¸¤ä¸ªæ•£å®¢å¤¹ä¸­é—´ï¼ŒçœŸæ˜¯æ— è¯­è‡³æžï¼Œè´¹ç”¨è·Ÿé“¶å­å²©ä¸€æ ·ï¼Œé‚£æˆ‘æƒ…æ„¿å†åŽ»ä¸€æ¬¡é“¶å­å²©ä¹Ÿä¸æƒ³åŽ»è¿™é‡Œäº†
2017-08-22,æœªçŸ¥,1,å…¶ä»–çš„æ™¯ç‚¹éƒ½å¯ä»¥éšæ—¶é€€ï¼Œå½“æ—¶ä¸‹å•çš„æ—¶å€™æ²¡æ³¨æ„åˆ°è¿™ä¸ªæ™¯ç‚¹ç«Ÿç„¶é€€å•æœ‰è¯¸å¤šé™åˆ¶ã€‚ç»™æžœè¿‡æ—¶è¢«æ‹’é€€å•ã€‚ç™½ç™½æŸå¤±ä¸¤å¼ ç¥¨çº¿ã€‚æˆ‘æƒ³ä»¥åŽä¸ä¼šå†ç”¨æºç¨‹é¢„è®¢è¿™æ ·çš„æ™¯ç‚¹çš„ç¥¨äº†ã€‚
2017-12-17,æœªçŸ¥,1,å¦‚æžœæƒ³çœ‹çœ‹æº¶æ´žï¼Œæ²¡å¿…è¦è¿›è¿™ä¸ªæ´žï¼Œç©ºé—´å°ï¼Œä»·é’±è´µï¼è¿˜æ˜¯çœ‹çœ‹èŠ¦ç¬›å²©æ›´åŠ å¥½ï¼
2020-08-30,æœªçŸ¥,1,å€¼å¾—åŽ»ï¼Œä½†å”®ç¥¨å¤„äººå‘˜æ€åº¦ä¸å¥½ï¼Œæ™¯åŒºçš„è§„å®šå¤§äºŽå›½å®¶è§„å®šã€‚
2015-10-21,æœªçŸ¥,1,æ²¡ä»€ä¹ˆå¥½çœ‹çš„æ¯”é“¶å­å²©å·®å¤šå•¦â€¦â€¦é‡Œé¢æœ‰æ³¥å·´æµ´
2017-08-27,æœªçŸ¥,1,å‘äººï¼Œç”±äºŽèˆªç­å–æ¶ˆæ”¹äº†èˆªç­åˆé‡é˜³æœ”äº¤é€šç®¡åˆ¶ï¼Œæ²¡æ¥å¾—æ€¥åŽ»ï¼Œè¿˜ä¸è®©é€€ï¼Œå”®ç¥¨å°±è¿™ä¹ˆå‘äººï¼Œæ™¯ç‚¹è‚¯å®šæ›´å‘äºº
2018-08-13,æœªçŸ¥,2,é‡Œé¢å¥½å¤šå¥—è·¯ï¼Œæ‰“ç€ä½›æ•™çš„ç‰Œå­éª—é’±ã€‚
2017-06-17,æœªçŸ¥,2,éžå¸¸æ— èŠï¼Œæ„Ÿè§‰æ€§ä»·æ¯”è¿˜ä¸å¦‚å¤§æ¦•æ ‘æœ‰æ„æ€
2017-08-08,æœªçŸ¥,2,ååˆ†æ— è¶£åˆå‘é’±çš„æ™¯ç‚¹ï¼Œè¿˜æ˜¯ä¸è¦åŽ»çš„å¥½
2024-08-26,å¹¿è¥¿,1,åŽæœŸåŸºæœ¬éƒ½æ˜¯æŽ¨é”€ï¼Œé¿é›·
2017-08-09,æœªçŸ¥,1,èšé¾™æ½­æ™¯è‰²ä¸€èˆ¬ï¼Œä¸¤æ®µæ°´è·¯åªèµ°äº†ä¸€æ®µï¼ŒåŒæ—¶å•†ä¸šæ„è¯†å¤ªæµ“ã€‚
2023-10-23,å¹¿è¥¿,2,æ„Ÿè§‰é—¨ç¥¨ä¸å€¼
2018-07-26,æœªçŸ¥,1,ä¸å€¼å¾—åŽ» 70+çš„è€äººæ²¡æœ‰å…ç¥¨
2018-02-16,æœªçŸ¥,1,é˜³æœ”çš„æ™¯ç‚¹æ”¶è´¹é«˜ï¼Œæ²¡æœ‰å¤ªå¤šçš„ç‰¹è‰²ã€‚
